date,developerResponse,review,rating,isEdited,title,userName
2022-05-13 15:05:25,"{'id': 29746622, 'body': ""Hi adiel, we appreciate you sharing your feedback on this. We're always looking to improve our product experience and we'll pass this to our team for further discussion.\t"", 'modified': '2022-05-15T04:34:29Z'}",S√≥ deveria ter a op√ß√£o de saque direto para conta banc√°ria,5,False,Muito bom,adiel camargo
2021-02-19 14:19:57,,"This app does not work properly. It makes you jump through several hoops and in the end doesn‚Äôt work. Buying crypto is confusing, and you need a different app for your wallet. Stay away!",1,False,Stay away from this app,Halflived
2018-07-01 04:54:01,,"Simplesmente n√£o funciona em nosso pa√≠s, n√£o instalem, deveria ser exclu√≠do do App Store.",1,False,Aplicativo In√∫til !!!,NegociadoronlineRJ
2017-09-24 01:42:37,,"Melhor palavra pra descrever o app, para os brasileiros pelo menos, n√£o tem suporte de compra pro pa√≠s, ou seja, voc√™ tem um aplicativo que foi feito pra facilitar transa√ß√µes de bitcoin que n√£o deixa voc√™ comprar ou vender bitcoin, como tamb√©m n√£o h√° previs√£o de habilita√ß√£o da fun√ß√£o, totalmente in√∫til ter se voc√™ √© da terra da feijoada",1,False,IN√öTIL,CarinhaLogoAli
2021-05-12 05:09:47,,"Transferi 522 criptomoedas XRP para a Coinbase e  sumiram. J√° entrei em contato com o suporte e eles me ignoraram. Eu n√£o consigo resolver isso, por favor me ajude. Tenho o hash da transa√ß√£o e preciso do meu dinheiro.

I transferred 522 XRP cryptocurrencies to the coinbase and disappeared. I already contacted the support and they ignored me. I can't solve it, please help me. I have the transaction hash and I need my money.",1,False,scam company / EMPRESA GOLPISTA!!!!,Jeguelias
2022-06-14 22:21:59,"{'id': 30385134, 'body': ""Hi lola, we appreciate you for reaching out regarding withdrawing your funds. To cash out your funds, you first need to sell your cryptocurrency for cash, then you can either transfer the funds to your bank or buy more crypto. There's no limit on the amount of crypto you can sell for cash. For more information on this, kindly visit: https://help.coinbase.com/en/coinbase/trading-and-funding/buying-selling-or-converting-crypto/how-do-i-sell-or-cash-out-my-digital-currency"", 'modified': '2022-06-16T05:07:57Z'}",Por√©m deveria ter como trasferir as cripto para dinheiro normal e da pra coloca as contas de banco normal,5,False,O App √© bom,lolaü§ë
2023-04-18 15:29:07,,"Corretora est√° a 1 semana com mais de 1 milh√£o de reais meus em cust√≥dia deles, as transa√ß√µes est√£o pendentes. Tenho ligado dia e noite l√° √© nada, um bando de incompetente! Eu t√¥ indo agora pra S√£o Francisco resolver isso cara a cara",1,False,Corretora n√£o confi√°vel,Robertoneto2712
2023-04-14 01:55:19,,"O app pede SSN, coloquei do CPF, mas n√£o confirma. O endere√ßo est√° correto mas n√£o consigo inserir o estado SP, diz que tem que usar  2 letras. Cadastro com bugs, frustrante.",3,False,Usabilidade Fraca,Chacal SP
2023-04-11 22:10:34,,"Ol√°, na Coinbase est√° com um bug terr√≠vel, de eu n√£o consegui converter o Bitcoin para dinheiro, est√° dando erro, j√° tenho o m√≠nimo que √© 5BRL e d√° erro pfvr concertem isso o quanto antes",2,False,N√£o estou conseguindo converter para real,rueidkx
2023-04-06 04:02:04,,"Enviei 50 reais pra testar e sai de l√° sem nada, alto spread do d√≥lar, taxas altas e n√£o tem todas redes pra vc retirar suas criptos, fui retirar Matic da corretora e s√≥ tem a rede ERC20 que possui taxas absurdas e n√£o d√° op√ß√£o de vc retirar pela rede polygon nativa da Cripto, n√£o recomendo, fujam.",1,False,Lixo de corretora,marciosdutra
2022-11-26 20:31:14,,"A mesma deixa a desejar em quesito taxas, fiz Apenas a convers√£o de USDC para BUSD a mesma pegou basicamente 1 d√≥lar de taxa, e para enviar para a Binance mais 1 D√≥lar, altas taxas com apenas um teste imagina com mais grana l√° dentro??",3,False,Plataforma e Op√ß√µes de cripto excepcional mas‚Ä¶.,Brucew777
2022-11-21 18:23:28,,Entrei em contacto com a Coinbase e eles  dizem que n√£o reconhecem esse app. Estou com USDT retido e ningu√©m resolve nada. Isso √© scammer. Corram desse lixo.,1,False,Scammer.,hudgari
2022-10-25 11:49:34,,"Comigo n√£o aprovava nenhum cart√£o internacional. Apenas recebia valores e Bitcoin, mas n√£o conseguia enviar ou comprar novos. E quando quis encerrar a conta, n√£o consegui esvaziar a carteira de Bitcoin pois, falava que dava erro. Quero meu dinheiro de volta ou entrarei com processo!",1,False,P√©ssimo!,Dany.Dani
2022-02-25 23:17:00,"{'id': 28363298, 'body': 'Hi Ali youssef 013, this sounds like something our support team can help you with. To resolve your issue, please contact Coinbase Support using this link: https://help.coinbase.com/en/contact-us', 'modified': '2022-03-03T15:43:15Z'}",N√£o estou conseguindo adicionar forma de pagamento,5,False,Problema,ali youssef 013
2022-03-30 23:43:04,"{'id': 28924349, 'body': ""Hi M_A_AL, thanks for taking time to provide this feedback. We've relayed it to our teams for future product improvements. Meanwhile, you may visit this link for information on sells: https://help.coinbase.com/en/coinbase/trading-and-funding/buying-selling-or-converting-crypto/why-arent-sells-available-in-my-country"", 'modified': '2022-04-01T15:51:26Z'}",Abri uma conta na Coinbase para compra e venda como anunciado por√©m s√≥ consigo comprar. Agora quero vender algumas criptos e n√£o existe a op√ß√£o de vender. Se resolver esse problema com certeza mudarei minha avalia√ß√£o. No app diz compra e venda mas agora estou preso comprado e n√£o consigo vender,1,False,N√£o √© poss√≠vel VENDER,M_A_AL
2022-03-27 16:23:30,"{'id': 28855289, 'body': ""Hi Luizx7699, this isn't the experience we want you to have, and thank you for sharing your thoughts with us. We'd like to work on the issue with you. Please contact us using this link: https://help.coinbase.com/en/contact-us"", 'modified': '2022-03-29T15:25:29Z'}","Diz Que Meu Cart√£o N√£o √© Valido, Porem Ja Usei Todos Os Cart√µes Debito Credito E N√£o Aceita De Jeito Nhm",1,False,N√£o Consigo Comprar As Criptos,luizx7699
2022-03-16 05:53:21,"{'id': 28650739, 'body': 'Hi FMissio, we know how important it is to access your account, and this isn‚Äôt the experience we want you to have. Please contact us here: https://help.coinbase.com/en/contact-us \n\nYou may also check this page: https://help.coinbase.com/en/coinbase/managing-my-account/account-recovery/account-recovery-faq', 'modified': '2022-03-18T12:17:22Z'}","N√£o deu de abrir conta pelo app tive que fazer pelo site. N√£o tem login biom√©trico faceid Nao tem pix s√≥ vincular cart√£o.
N√£o tem op√ß√£o dentro do app para suporte o fale conosco",2,False,Precisa melhorar,FMissio
2022-03-14 01:18:57,"{'id': 28584010, 'body': 'Hi Mau, this sounds like something our support team can help you with. To resolve your issue, please contact Coinbase Support using this link: https://help.coinbase.com/en/contact-us\n\nFor additional mobile app troubleshooting steps, please visit: https://help.coinbase.com/en/coinbase/other-topics/troubleshooting-and-tips/app-troubleshooting', 'modified': '2022-03-15T12:01:49Z'}","Est√° dando erro no App e n√£o estou conseguindo incluir m√©todo de pagamento . 
Favor responder em portugu√™s n√£o sei falar em ingl√™s",1,False,N√£o estou conseguindo inserir m√©todo de pagamento,Mau Poa Rs
2022-02-28 15:48:59,"{'id': 28362314, 'body': ""Hi Admtetsu, we're really sorry you're experiencing this and appreciate you taking the time to tell us. Having a great product and customer experience is important to us, so we'll bring this back to the teams for discussion."", 'modified': '2022-03-03T14:51:02Z'}","Suporte √© ruim, n√£o sabe nada sobre o que o cliente fez e depende do pr√≥prio cliente pra tomar ci√™ncia dos fatos, pior Wallet de todas, est√° me dando muito problemas desde que eu baixei e agora tenho minhas shiba inu retidas por ‚Äúseguran√ßa‚Äù, suporte diz pra fazer a verifica√ß√£o da conta pra liberar, mas eu j√° fiz, lixo de app e pior Wallet de todos, n√£o recomendo, nem daria estrela se pudesse de t√£o lixo que √© o app",1,False,Lixo,admtetsu
2022-02-05 16:54:03,"{'id': 28257748, 'body': 'Hi Ricardo, this isn‚Äôt the experience we want you to have and we thank you for taking the time to share your feedback. We‚Äôll be sure to share this information with our teams to help us to improve in the future.', 'modified': '2022-02-25T14:52:10Z'}",Pessimo,1,False,Pessimo,Ricardo Oliveira 80
2022-01-12 11:46:58,"{'id': 27972890, 'body': ""Hi Tech Space Brasil, thank you very much for your feedback! We're happy you're enjoying the app."", 'modified': '2022-02-10T16:16:20Z'}","At√© o momento, funcionando muito bem!",5,False,Tudo certo!,Tech Space Brasil
2022-02-03 02:25:51,"{'id': 28315372, 'body': 'Hi Vit√≥rio, we know how frustrating this must be, and this isn‚Äôt the experience we want you to have. To assist you with the missing coins, please contact Coinbase Support using this link: https://help.coinbase.com/en/contact-us', 'modified': '2022-03-01T13:17:04Z'}",Baixei novamente o app dps de 2 anos de minhas moedas sumiram por queeee üò≠,1,False,Minhas moedas,Vit√≥rio Hugo
2021-05-04 13:20:36,,"I couldn‚Äôt have gotten anything better that Coinbase App. Awesome, tremendous and excellent for beginners and professionals",5,False,Excellent App for Cryptocurrencies,mykebson
2021-12-24 03:12:01,"{'id': 27109065, 'body': ""Hi Ericgambeta, thanks for letting us know about the error. If you're having trouble with the app, try relaunching it. If that doesn't fix the issue, please restart your phone and make sure your internet connection is strong. You may also check: https://help.coinbase.com/en/coinbase/other-topics/troubleshooting-and-tips/app-troubleshooting"", 'modified': '2021-12-28T20:06:34Z'}","Simplesmente n√£o funciona, quando voc√™ coloca as informa√ß√µes a tela sobe e voc√™ n√£o consegue prosseguir! P√©ssimo",1,False,NAO FUNCIONA,Ericgambeta
2021-12-11 01:01:13,"{'id': 27038733, 'body': ""Hi Rodrigoeftlab, thanks for taking time to provide this feedback. We've relayed it to our teams for future product improvements. Meanwhile, you may visit this link for information on sells: https://help.coinbase.com/en/coinbase/trading-and-funding/buying-selling-or-converting-crypto/why-arent-sells-available-in-my-country"", 'modified': '2021-12-24T15:20:17Z'}",O App dificulta e n√£o deixa claro que n√£o d√° pra receber o dinheiro na sua conta corrente. Me senti enganado,1,False,N√£o d√° para vender e receber na conta,Rodrigoeftlab
2021-11-08 22:26:34,,"O que aconteceu que n√£o consigo comprar moedas pelo cart√£o? 
Tenho dois cart√µes de cr√©ditos l√°, mas meu limite e R$: 0,00 . Pode me ajudar ?",3,False,Melhor Carteira,Luidyson
2021-10-28 11:49:48,"{'id': 26240237, 'body': ""Hi Lima O galatico, this isn't the experience we want you to have, and thank you for sharing your thoughts with us. We'd like to work on the issue with you. Please contact us using this link: https://help.coinbase.com/en/contact-us \n\nWe're experiencing a high number of inquiries but will respond to emails as soon as we can.\t"", 'modified': '2021-11-12T19:32:31Z'}","Ol√° n√£o consigo cadastrar meu cart√£o da Bandeira Master. Por gentileza arrumem!! 
Agrade√ßo.",1,False,Cadastro cartao de cr√©dito Master!!,lima O galatico
2021-10-15 12:29:10,,Achei lento o app e tbem ao transferir minhas moedas da corretora para Coinbase deu ruim. saiu da corretora e n√£o chegou na Coinbase. E suporte √© prec√°rio. n√£o recomendo.,1,False,Transfer√™ncia de cripto deu ruim,eheheh.com
2021-09-23 22:40:52,,"De uma hora pra outra, n√£o √© mais poss√≠vel comprar criptomoedas! Tamb√©m n√£o √© mais poss√≠vel vender e sacar em reais. Praticamente in√∫til!",1,False,"Nem compra, nem vende!",FBHydro
2021-09-09 02:04:21,,Ridiculous,1,False,Banido - Discrimina√ß√£o de usu√°rio sem nem ao menos abrir uma conta,those is is IV is is TX FN cm
2021-08-12 04:14:52,,Enviei 100 reais em ethereum e nunca caiu e eles nem se quer responde oque aconteceu pensa numa empresa grotesca se quer perde dinheiro manda pra coinbase bando de ladr√£o !!!!!!,1,False,Corretora golpista,paulinhoW67
2021-06-05 08:55:17,,"N√£o tem como avaliar pois a plataforma n√£o est√° mais deixando brasileiros negociarem nela‚Ä¶. Isso √© coisa do governo brasileiro, s√≥ pode.",2,False,Brasileiro n√£o pode negociar,faveroleo
2021-05-21 03:04:43,,"Ap√≥s as 2 √∫ltimas atualiza√ß√µes, os investimentos alteraram o valor em carteira e n√£o bate com os saldos individuais, como corrigir? Erro grotesco.",4,False,Falha no saldo de carteira,JuninhoVivan
2021-05-12 21:40:15,,"Trava muito , interface horr√≠vel e navega√ß√£o p√©ssima. Dizem q j√° foi melhor. Pelo tamanho que esta, deixa a desejar.",1,False,Travando,Karagnarok
2021-05-12 17:35:48,,Add dogecoin please!,1,False,We want dogecoin,rodrigobarbosa93s
2021-05-06 00:18:35,,Para uma empresa de mais de 50 bi,3,False,N√£o √© f√°cil mandar dinheiro suporte dif√≠cil acesso,House cases
2021-05-03 13:47:55,,Est√° na hora de ter DOGECOIN na coinbase,4,False,DOGE,#canaldealta
2021-04-16 01:54:08,,"Ela tem toda uma propaganda mas a verdade eh q nao funciona no brasil. Nao da pra comprar crypto em reais, ela soh funciona se vc comprar em outro local e transferir pra la. ENTAO PRA QUE SERVE ESSA COINBASE???? Brasileiros nem percam tempo.",1,False,Nao funciona no Brasil,Andrpos333
2021-04-12 15:16:22,,J√° foi bom!!! Depois da √∫ltima atualiza√ß√£o ficou horr√≠vel!!! App travando direto!! Imposs√≠vel de utilizar!! Consertem isso por favor!!!! üëéüëéüëé,1,False,App travando direto!!!!,F J A C
2021-03-29 12:27:52,,"The App is extremely dificult to deal with. I‚Äôve searched how to sell my XRP or convert them to MATIC, BUT IT‚Äôs impossible. There is no how to refund the account by credicard. The ‚ÄúHelp‚Äù doesn‚Äôt help it. So I don‚Äôt recommend it.",1,False,Extremely dificult,Leosacchetto
2020-08-10 19:36:38,,"Quando entro para ver o gr√°fico, o app para de funcionar!",5,False,Gr√°fico,Cleydson Darlan
2021-03-25 02:21:59,,J√° enviei os docs e n√£o verifica a conta de jeito nenhum. Enviei para o suporte e nunca responderam. Se o suporte √© assim sem ter feito nenhum dep√≥sito imagina se for algo mais s√©rio.,1,False,N√£o verifica a conta,Tiago Nule
2021-01-18 22:54:01,,J√° confirmei a minha identidade mais de 20 x cansei! Aplicativo lixo n√£o consigo nem enviar dinheiro para ele!,1,False,Confirma√ß√£o de identidade,lixodeifood
2021-01-12 13:44:18,,"Well I have tried to verify my id twice. It didn‚Äôt work at all. 
I guess that‚Äôs the sign!",1,False,ID,Mauriciofos
2021-01-06 15:47:04,,Depois dessa atualiza√ß√£o tento entras no app carregar os ativos a p√°gina da erro e n√£o retorna de jeito nenhum,1,False,Falha a√≠ recarregar,Crippton
2020-12-31 01:50:30,,Eu j√° confirmei minha identidade e recebi e-mail por√©m no app consta para eu verificar ainda.,1,False,Erro,Jhenefer Gomes
2020-12-01 06:38:41,,Dep√≥sito ont found. 5 days a hora,1,False,500 ‚Ç¨,500‚Ç¨ deposit SEPA
2020-06-24 17:55:30,,"O aplicativo √© muito bom, mas depois da atualiza√ß√£o do dia 24/06 n√£o estou conseguindo entrar...",5,False,N√£o est√° entrando,Ohneide
2020-08-07 04:39:47,,"Since the last two updates the app became full of bugs. All coin graphs now lacks of timeline (grab & drag) feature. Wallet shows 0,00 with no graph at all! In the support ticket they say that my region is self-help customer support. WTF?! Seriously? This is a bug report, not a support request!",1,False,Buggy app with no support,YoungSJRP
2020-08-05 02:04:27,,"Nem
Consigo me cadastrar pois o teclado nao aparece IOS",1,False,Teclado p Ios nao aparece,Qlexansirhbejsj
2020-08-03 07:19:15,,"Eu at√© me sinto mal por dar uma estrela, mas realmente o app n√£o disponibiliza a compra das cryptomoedas no nosso pa√≠s. Uma coisa que eu n√£o entendo.. Eu espero que adicionem isso logo pois realmente gostaria de ter a oportunidade de igual um Americano, Canadense, Franc√™s etc poder comprar a moeda com uma taxa excelente usando PayPal, cart√£o ou transfer√™ncia banc√°ria. Abra√ßos",1,False,ABILITE A COMPRA DE MOEDAS POR PAYPAL OU BANCO!,Adammp781
2020-07-09 23:34:08,,Lixo.,1,False,N√£o tem vers√£o para iPad,aamorim89
2020-04-02 20:54:08,,"Melhor carteira, super recomendo!!",5,False,Muito bom,Jessicabuti
2019-08-28 22:52:06,,Recebo e envio Bitcoin sem dor de cabe√ßa,5,False,Bom,gustavo221hcp
2019-09-26 23:28:38,,"Ol√°, por favor, adicionem a Nano! A melhor cripto!",4,False,Adicionem Nano,William Drago
2019-08-01 07:05:53,,Excelent services!!!,5,False,Best Wallet,wellAlmeida-sp
2019-07-31 00:59:07,,"Muito inst√°vel, sempre vem um erro 403.
Se vc nao aplica nada. Funciona todo dia.
Se vc aplica, dar erro todo dia.",5,False,Muito erro!,jalesrego
2019-01-20 10:52:53,,N√£o tem suporte a compra de cryptomoedas no brasil.,4,False,"Muito bom, por√©m",Alvarvito
2018-12-22 20:15:14,,"tragam de volta a fun√ß√£o de convers√£o, juntei varias moedas e na hr q fui converter, cad√™ a fun√ß√£o?
e liberem compra e venda, o app √© mt bom, mas sem essas fun√ß√µes fica in√∫til!",1,False,in√∫til,flash030700
2018-10-06 02:58:01,,Filha da puta perdi meus Bitcoin nesse app quero de volta se n√£o vou entrar com um processo contra vcs,1,False,Lixo,vvvgy
2018-09-05 01:58:57,,Muito pratica a plataforma,5,False,√ìtimo app,azevedo_tm
2018-08-13 20:05:47,,Melhor,5,False,App top,Tetaoadhdcentral
2018-04-28 14:23:38,,"App intuitivo, de f√°cil manuseio e um dos mais seguros 
Vale a pena",5,False,Din√¢mico,Fallen Negro
2018-06-29 03:03:35,,"Se n√£o posso comprar, n√£o serve pra nada!!!",1,False,Desgra√ßa,twucu
2017-12-11 19:11:03,,Bug and Dell on Brasil?,5,False,Brasil????,Goodspeedf
2018-03-15 14:22:00,,Tem previs√£o?,4,False,N√£o tem suporte para compra/venda no BRASIL,Rch_ssz
2018-03-13 07:54:17,,"Eu acho que o suporte deixa a desejar, por ser autom√°tico voc√™ n√£o interagem com uma pessoa real, o sistema n√£o substitui o ser humano estou a mais de 7 meses tentando desabilitar o acesso de 2 passos e nada. Indignado",1,False,Suporte,Janes Silva
2018-03-11 22:52:03,,Pra que esse aplicativo app Store Brasil? Ja que n√£o funciona a coinbase para brasileiros? üëéüèª,1,False,Nao serve pra nada,bobydemarco
2018-03-03 12:15:26,,"i can login to coinbase wallet, i feel like they stole my money",1,False,stone my money,Eduardo Joly
2018-02-06 08:29:09,,"You can buy, but not sell in Australia. Very bad: you stay trapped...",1,False,Half of features in Australia,cadu902
2018-01-18 07:10:29,,"Conforme o amigo acima mencionou em setembro que n√£o tem como comprar pelo
App no Brasil , 4 meses depois continua da mesma forma, ser√° que os desenvolvedores n√£o leem o feedback que damos , desinstalando em 3.2.1...",1,False,In√∫til,Skavuska üò°üò°
2018-01-16 11:32:33,,Gostaria que o servi√ßo viesse para o Brasil e que as notifica√ß√µes de alerta de pre√ßo voltassem a funcionar,3,False,Brasil e Notifica√ß√µes,andre.sacagnhe
2018-01-12 19:14:42,,Ridiculous.,1,False,"No segwit, no batching.",Jmmbrito
2017-12-04 07:28:17,,"Gostei muito do aplicativo, mais poderia ter como os Brasileiros fazer compra com os seus cart√£o e contas banc√°rias",5,False,Very Good - muito bom,0157842953Tt*
2017-11-30 20:55:33,,But is not working in Brazil.,5,False,Interface ok,Hector Sp
2017-10-27 02:19:37,,Melhor app,5,False,Muito pratico,Peterson Stofel
2017-11-26 12:59:58,,It doesn‚Äôt work for Brazil,1,False,Brazil,Rickman.Fly
2017-11-13 15:06:28,,Podia ser liberado no Brasil!,2,False,Pais ainda n√£o liberado,Isaac_walker
2017-10-27 11:27:56,,Bosta de tarifa,1,False,Bosta de tarifa,bosta de tarifa
2017-09-30 22:54:15,,√ìtimo,5,False,Excelente!,Leomagalhaes
2017-09-20 21:18:15,,Uma das melhores carreiras Bitcoin dispon√≠veis no mercado.,5,False,Excelente!,GustavoHandrick
2017-09-19 11:00:33,,Falta somente a op√ß√£o de buy e sell para o Brasil!,5,False,Muito bom!,Gustavo Perezi Sagionetti
2017-09-12 20:52:25,,Faltando so a libera√ß√£o no Brasil,5,False,Bom,Bautimos
2017-09-05 16:07:02,,Muito bom,5,False,√ìtimo,FDBORGES78
2017-09-17 15:28:38,,"√ìtimo app, bem desenvolvido atualiza√ß√µes de valoriza√ß√£o instant√¢neas",4,False,N√£o oferece op√ß√µes de compra e venda,Kajdus
2017-09-08 22:26:02,,Carteira muito boa. F√°cil de usar e ainda vem com a fun√ß√£o de widget embutida. Peca por n√£o disponibilizar ainda a fun√ß√£o de Exchange(troca de moedas) para o Brasil.,3,False,Pr√°tica e Diversa,Gugleto
2017-08-29 18:31:48,,F√°cil de usar!!!,5,False,√ìtimo,Bergson Luiz
2017-09-02 08:25:40,,Mas precisa ser mais acess√≠vel,2,False,Bom,Eli üòÄüòÄüíï
2017-08-31 15:30:19,,"Muito bom, simples e funcional. S√≥ falta come√ßar aceitar real",4,False,S√≥ falta liberar BRL,RamonMisseGuimaraes
2017-08-29 16:59:19,,O n√£o √© 5 estrela por n√£o fazer transa√ß√£o de compra e venda no Brasil .,5,False,√ìtimo,Wellycalou
2017-08-25 18:33:36,,Eu recomendo,5,False,App bom,Teteubebe
2017-08-25 13:33:13,,Perfeito tudo que precisa saber sobre o que acontece com os valores do btc,5,False,"Mais que excelente , perfeito !",Imperador Rogers
2017-08-23 23:01:53,,"Simple, easy",5,False,"Simple, easy",Valad√£o
2017-08-23 11:32:38,,Perfeito,5,False,Excelente,J.guedes
2017-08-23 22:20:24,,S√≥ falta come√ßar a operar em reais.,4,False,Muito bom,RoTTy_BR
2017-08-23 07:44:15,,Pr√°tico e super √∫til,5,False,√ötil üëçüèª,MedicoGeeK
2017-08-22 13:22:08,,muito bom adoro o coinbase,5,False,muito bom o app,Alan P. Carv
2017-08-22 11:25:16,,"Melhor carteira e apk pra bitcoins ,sucesso eu recomendo",5,False,Top carteira,Thiagomo1980
2017-08-22 11:10:54,,Muito simples de se usar.,4,False,R√°pido e pr√°tico,Brfranco
2017-08-21 17:48:13,,N√£o funciona no Brasil,1,False,N√£o funciona no Brasil,Don Peppe - Pizzaria Delivery
2017-06-10 15:01:48,,"Bem intuitivo, simples de gerenciar e com varicocele recursos",5,False,Muito bom,Egidio bezerra
2017-04-28 01:20:07,,The best wallet,5,False,Great!!!,psaksanian
2017-05-25 02:04:32,,"Resolvi migrar da carteira blockchain devido as altas taxas, depois de pesquisar muito optei pela coinbase pela facilidade e por ser multi, por√©m o aplicativo tem relatados erros constantes de impossibilidade de acesso, os desenvolvedores precisam verificar este urgente!",2,False,Sem Acesso constatemente,Ronaldorc
2017-05-15 10:23:31,,N√£o pode comprar no Brasil,2,False,N√£o funciona no Brasil,Jkkorn
2017-04-25 22:12:35,,"Melhor carteira de bitcoin que j√° usei, aplicativo fant√°stico",5,False,Carteira excelente,Marcos Bidart
2017-03-15 22:17:05,,Sem problemas at√© agora.,5,False,Excelent,Kk.candara
2017-03-16 01:59:20,,S√≥ falta poder comprar bitcoin,3,False,Bom,Cippzz
2017-03-06 07:42:44,,"√â uma excelente carteira para movimentar bitcoin: r√°pida e gr√°tis.
O √∫nico probleminha √© que ainda n√£o comercializa bitcoin no Brasil. Ent√£o compro bitcoin em outra trade e trago para a coinbase. RECOMENDO!",5,False,Excelente carteira,Nicolau NJ
2017-03-09 11:41:51,,"Ele tem o costume de mudar a carteira e dizem que √© para prote√ß√£o mas duas de minhas transa√ß√µes ficaram presas por isso ja tentei de tudo mas n√£o est√° adiantando, se eu pudesse n√£o daria estrela nenhuma mas o sistema n√£o permite cuidado!!!üò°üò°üò°üò°",1,False,ME ROUBOU,Aderbal Siqueira
2017-03-07 02:19:07,,Atualmente a melhor. Sem taxas.,4,False,Bom aplicativo,Adriano Brasil
2017-03-05 21:02:34,,Bom,5,False,Muito bom,Junior45867987645
2017-02-03 15:06:15,,A melhor carteira que j√° usei,5,False,O melhor,GilbertoPreto
2017-02-02 07:47:22,,√ìtima carteira Bitcoin!,5,False,√ìtimo!,D@ninoy
2017-01-31 09:36:31,,Para Bitcoin e Ethereum!,5,False,√ìtima carteira virtual,Ander89BR
2017-01-24 15:14:57,,Ok,5,False,√ìtimo,Eder G Lucarini
2017-01-23 17:30:35,,A melhor carteira de bitcoin,5,False,Melhor carteira virtual,Edilson11
2017-01-13 17:07:44,,"√ìtimo aplicativo, oferece a√ß√µes para tudinho que eu preciso, gostei demais! Simples, rapido, util, seguro, √°gil...",5,False,Perfeito !!,Gustavo Nicolla
2017-01-11 01:30:00,,uma das melhores wallet pra btc que tem.,5,False,Otimo,Davidstrj
2017-01-08 15:13:59,,Muito bom,5,False,√ìtimo,Wuatson
2017-01-02 23:12:13,,"Bom App,espero que venha suporte para o Brasil",5,False,Review,jpgnn
2016-12-28 08:41:43,,Muito bom mesmo! üòÅüòÅüòÅüòÅüòÅ,5,False,√ìTIMO,AntonioNunes777
2016-12-21 20:48:38,,Muito bom!,5,False,√ìtimo,EroHentai
2016-12-01 17:37:54,,Excelente aplicativo!,5,False,Nota 10 !!,mrnbrasil
2016-11-28 23:55:51,,"R√°pido, fica sempre online sem necessidade de entrar com a senha novamente.",5,False,√ìtimo aplicativo,Universo Virtual
2016-11-29 01:15:37,,Excelente aplicativo,4,False,Aplicativo muito bom,Eder2011
2016-11-14 02:13:34,,"Mt bom, baixem",5,False,√ìtimo,Tjustino
2016-11-11 08:55:40,,F√°cil de usar.,5,False,Tranquilo,Lemosbarbosa
2016-10-31 21:24:35,,Excelente app. Confi√°vel e f√°cil de usar.,5,False,R√°pido e pr√°tico,Rog√©rio Barcelos Alves RJ
2016-10-31 23:00:50,,F√°cil transfer√™ncia pra outra conta externa...,4,False,√ìtimo,Jessiica Labres
2016-10-24 00:13:46,,Excelente,5,False,Muito bom,Fa.Canhizares
2016-10-09 08:06:24,,Bom,5,False,√ìtimo,Severas1234
2016-10-19 19:20:03,,Pena que n√£o est√° dispon√≠vel a compra de moedas no Brasil,4,False,Bom aplicativo,Carlobf
2016-10-02 17:00:21,,Muito bom mesmo!,5,False,Excelente,Paulo 301020
2016-09-25 18:09:15,,A unica carteira para ios que eu gostei,5,False,Best Carteira para BTC,"Alan,anochi"
2016-09-30 12:41:47,,"Muito boa a carteira, o design, n√£o vejo demora ao carregar as op√ß√µes, se houvesse um cart√£o da pr√≥pria carteira daria 5 estrelas",3,False,Minha opini√£o,PlaysPremium
2016-09-27 09:17:14,,"Bem legal, muita gente ta falando desta carteira, s√≥ acho que faltou umpouco mais de designer e fazer um cart√£o da pr√≥pria carteira, ai sim seria perfeito!",3,False,Muito bom,Matheus Szajda
2016-09-15 13:12:46,,√ìtimo aplicativo,5,False,√ìtimo,Hleofe
2016-08-24 22:46:19,,Bom,5,False,Bom,Nighhtmare
2016-08-02 13:05:10,,√ìtimo aplicativo,5,False,√ìtimo,Estev√£o Coelho
2016-07-31 09:10:52,,Muito bom aplicativo.,5,False,√ìtimo,Danielc1
2016-07-13 18:28:43,,"This app is the best for guarded bit coins, thank you and please create market bit coins in brazil!! Hahaha

(Este app √© o melhor para guardar bit coins, obrigado e por favor criem o mercado de bit coins no brasil!!! Kkkkk)",5,False,Very good (muito bom),JJFischer
2016-07-11 03:07:56,,Recomendo a todos !,5,False,√ìtimo app,Felipe üòÉ
2016-07-04 00:29:32,,Vale muito a pena mesmo...recomendo a todos.,5,False,√ìtimo,DanielSerafim
2016-06-27 04:36:54,,Muito bom!,5,False,Recomendo!,thiiagolopes98
2016-06-28 15:53:28,,App excelente,4,False,Muito bom !!,Jpmatoss
2016-06-25 03:06:38,,"Falta acompanhar a cota√ß√£o do valor em reais, pois sempre √© abaixo da m√©dia... Fora isso, excelente!!",5,False,Excelente,Williamstyco
2016-06-24 04:08:02,,Highly recommended!,5,False,Great App,AlexSCJava
2016-05-30 19:48:16,,"Um dos melhores , pois n√£o tem nenhuma taxaüòä",5,False,√ìtimo,Maicon Mendes
2016-05-30 14:42:15,,Posso acompanhar meus satoshis.,5,False,Muito bom,Paulla Cisotto
2016-05-28 02:15:01,,Muito bom,5,False,Muito bom,Kgfsetuookgdd
2016-05-18 22:59:10,,Muito bom,5,False,Recomendo,Hugoalisson77
2016-05-15 06:24:50,,Muito bom.,5,False,√ìtimo,Sabagy86
2016-05-12 00:54:52,,5 Estrelas,5,False,Melhor carteira para iPhone üëçüèª,Bruno Quiatti
2016-05-05 01:31:55,,"Bom, r√°pido, seguro e limpo",5,False,Opini√£o,Fearminus
2016-05-11 01:38:01,,"Muito bom, simples e f√°cil de usar.",4,False,√ìtimo app,Kkemuel
2016-05-02 10:50:16,,Legal,5,False,Muito bom,Jxjdjdvzhja
2016-04-28 21:47:49,,Muito f√°cil e pr√°tico de usar.,5,False,√ìtimo,Braknolens
2016-04-27 18:12:13,,safe and friendly,5,False,great app,Diego Remus
2016-04-27 12:18:20,,Muito bom!!!,5,False,Opini√£o,Jocimar Cau
2016-04-14 01:45:26,,Bonito e intuitivo!,5,False,√ìtimo app,fincatto
2016-04-10 00:05:06,,Recomendo,5,False,App Mt bom,Entercarioca
2016-04-05 16:13:15,,üëçüèª .,5,False,√ìtimo app,MoniqueSM
2016-04-06 16:20:47,,App crasha td hr sem motivo. So abre qnd quer,1,False,Crash,Iuriirc
2016-03-31 12:52:01,,Best bitcoin wallet!,5,False,Bitcoin 4ever,Guilherme Brunini
2016-03-29 03:38:57,,Muito bom,5,False,Bom,Igor pito
2016-03-21 05:35:11,,Adorei,5,False,Otimo,Iqueru
2016-03-19 19:43:19,,best bitcoin app,5,False,great app,Quotestalker
2016-03-13 22:35:34,,Adorei o app,5,False,√ìtimo,Mauricio Farias (Arqueiro)
2016-03-03 01:48:24,,√ìtimo.,5,False,Maravilhoso,enfeitador
2016-02-20 08:52:37,,Recomendo,5,False,Perfeito,djdreambrasil
2016-03-01 20:09:07,,To textando ainda,1,False,N√£o √© muito bom,Muito√∏oooooo
2016-02-16 21:19:42,,Pr√°tico e f√°cil,5,False,√ìtimo servi√ßo,Jwkozkamdnnannsnnbsbbbb
2016-02-15 02:23:20,,Recomendo,5,False,√ìtimo  !!!,50000000976
2016-02-03 17:10:35,,"O aplicativo est√° fechando automaticamente ap√≥s abri-lo, desinstalei e reinstalei e o erro persiste.",5,False,App Fechando Sozinho,Coelho de Tr√™s Cabe√ßas
2016-02-10 02:34:12,,"Ao abrir o aplicativo ele trava e fecha, n√£o consigo us√°-lo!",1,False,App fica fechando sozinho,RafaelMartins8998
2016-02-09 13:37:55,,O aplicativo fecha sozinho,1,False,App fechando sozinho,rusberti
2016-02-04 11:34:46,,A aplica√ß√£o fecha ao iniciar.,1,False,Aplica√ß√£o Fechando,Dmazenha
2016-01-24 18:56:49,,"Muito bom recomendo a todos, estou aqui gra√ßas ao canal do contente que explica certinho passo a passo",5,False,Vim pelo contente,Muriandrade
2016-01-25 16:40:02,,"Quando entro no app, ele automaticamente fecha sozinho, corrijam esse erro por favor",1,False,App fecha sozinho,Equinho78
2016-01-21 02:17:19,,"Interface muito boa, servi√ßo muito bom!",5,False,√ìtimo app!!!,Lucas20013
2016-01-20 06:21:31,,Bom D+,5,False,Exc,Lucca emanuell
2016-01-05 00:48:12,,App simples e pratico,5,False,F√°cil de usar,Rbrandao
2015-12-27 01:43:36,,Verdadeiro,5,False,Bom,ADM Orion
2015-12-03 15:01:41,,√ìtimo,5,False,√ìtimo,Hhdhcyivdscuutjkkjfh
2015-12-12 16:06:25,,Compra e venda indispon√≠veis no Brasil.,1,False,N√£o funciona no Brasil,Kwizatz
2015-11-23 12:00:53,,Falta s√≥ aparecer o n√∫mero de confirma√ß√µes nas transa√ß√µes.,5,False,Muito bom,jlnovaes
2015-11-22 19:09:06,,Muito bom poder configurar para que todas as transa√ß√µes precisem de mais de um tipo de verifica√ß√£o.,5,False,Seguro,Bananao azulejo
2015-11-07 11:56:07,,"√ìtimo, funciona muito bem e muito confi√°vel",5,False,Adorei,Ro-cha
2015-11-18 05:50:05,,R√°pido,4,False,Bom,4 tempos
2015-11-10 05:59:35,,"Realmente muito √∫til. 
Da pra usar pelo smartphone ou pelo PC sem nenhum problema.",4,False,Muito √∫til,Lord Bacon BR
2015-11-06 13:55:32,,Excelente aplicativo ajuda muito,5,False,Confi√°vel,Petsp3
2015-11-06 17:17:43,,"O aplicativo est√° fechando sozinho no IOS 9 - Sei que essa n√£o √© a √°rea correta para mandar reports, mas foi onde encontro",3,False,Bug,Leo ferrerinha
2015-11-06 16:21:32,,Falta um livro de endere√ßos e deveria ser poss√≠vel colar um endere√ßo de bitcoin do clipboard na hora de enviar.,3,False,"Bom, mas pode melhorar",liberom
2015-11-05 00:47:47,,Adorei o app muito bom,5,False,Muito bom,O foda.
2015-10-31 02:33:24,,"Aplicativo muito bom traz muitas funcionalidades como transferir, receber e funciona perfeitamente",5,False,Muito bom,Richard Carola
2015-10-18 11:34:46,,"Apesar de brasileiros n√£o poderem comprar bitcoins na Coinbase, este App √© a melhor carteira de bitcoins que j√° experimentei. Super recomendo.",5,False,Melhor carteira de Bitcoins,Faƒâjo
2015-10-11 18:00:18,,Bomüëç,5,False,Joey MAF,JoeyMAF
2015-10-09 16:29:14,,"At√© agora n encontrei nenhum bug o app √© otimo e estou usando mais q no pc at√©, achei a aplica√ß√£o de ler a digital muito boa assim n tem como invadir e esta funcionando muito bem at√© o momento",5,False,Nenhum bug,Robissum
2015-10-07 12:16:19,,At√© agora funcionando ok,3,False,Bom,ForaPt
2015-10-06 22:49:32,,O app n√£o est√° abrindo,1,False,N√£o abre,Gabriel Ricardo
2015-09-13 11:50:55,,Muito maneiro :),5,False,Loko,Jocfla
2015-05-15 21:38:32,,Should have Brazil's banking support,5,False,Awesome,iDigs
2015-05-14 14:41:42,,For me this the best bitcoin wallet!,5,False,Great!,Edukevin
2017-08-26 14:36:46,,*,5,False,Bom mas falta outras moedas,REYROS
