timestamp,content,score
2020-08-27 04:38:53,perfect to buy and sell easily,1
2018-07-30 05:02:34,perfect to buy and sell easily,2
2018-05-12 12:56:11,very good,2
2020-04-27 16:27:26,perfect to buy and sell easily,2
2017-10-12 10:04:09,good,1
2018-01-26 07:07:45,GREAT APP,1
2023-02-18 11:51:38,dont even install,4
2018-06-28 16:22:41,perfect to buy and sell easily,2
2023-12-14 10:37:00,omg fantastic,3
2021-04-07 12:08:43,good,1
2019-06-18 16:44:13,omg fantastic,2
2019-10-27 18:02:20,"terrible UI, deleted",4
2021-11-22 15:30:25,does the job,3
2023-06-27 06:30:22,uauh terrible,4
2021-02-02 22:30:16,perfection,4
2018-09-02 01:07:32,excellent,3
2018-04-16 00:14:50,does the job,3
2017-03-21 23:37:53,uauh terrible,5
2020-06-07 16:17:59,perfect to buy and sell easily,5
2021-05-23 11:55:05,never again using,4
2020-08-27 12:02:37,wow so good,5
2018-08-25 13:13:28,omg fantastic,3
2023-03-21 04:43:12,perfection,5
2020-11-22 21:34:54,perfect to buy and sell easily,1
2023-10-18 14:56:09,perfect to buy and sell easily,1
2021-04-05 01:18:26,does the job,2
2023-06-06 17:12:21,excellent,5
2021-06-03 21:23:49,good,5
2021-11-10 20:37:00,very bad,2
2023-11-29 22:03:30,does the job,3
2023-10-11 02:00:09,omg fantastic,4
2018-05-09 12:39:27,not good not bad.. does the job,2
2022-05-13 00:47:38,"terrible UI, deleted",3
2020-06-25 12:44:43,neutral,5
2020-12-16 12:31:58,dont even install,4
2018-10-13 10:20:30,wow so good,4
2023-12-10 12:47:56,wish it had a easier way to load with money,1
2019-06-02 01:48:28,dont even install,4
2020-01-20 04:05:19,GREAT APP,4
2023-07-30 00:19:09,does the job,3
2017-05-20 06:39:39,very good,4
2023-01-27 16:45:42,wish it had a easier way to load with money,1
2023-11-13 15:47:00,bad,2
2022-07-18 21:20:19,bad app,3
2022-02-26 20:25:49,uauh terrible,5
2022-10-20 11:24:10,very good,4
2018-02-13 00:59:37,uauh terrible,1
2020-12-01 16:26:31,very good,3
2020-01-25 20:10:43,not good not bad.. does the job,2
2019-02-03 15:20:33,very bad,5
2021-01-18 20:08:28,dont even install,3
2020-05-27 12:32:19,neutral,4
2018-12-15 07:52:51,omg fantastic,5
2017-09-26 03:16:22,good,4
2020-10-15 23:49:44,wow so good,2
2020-01-02 23:27:10,good,1
2022-09-09 21:23:32,very bad,3
2023-04-02 02:04:38,never again using,4
2020-01-28 14:00:34,wow so good,3
2022-09-19 14:16:38,"i dont hate it, but i dont love it either..",2
2022-04-25 02:45:18,amazing app i recommend,4
2020-02-01 03:59:25,good,4
2022-01-07 14:24:29,bad app,5
2021-09-16 08:50:34,amazing app i recommend,5
2019-04-17 08:52:39,perfect to buy and sell easily,5
2021-07-24 13:46:15,perfect to buy and sell easily,4
2023-01-07 10:55:07,perfection,2
2019-04-19 04:14:08,cant believe how bad it is,4
2020-09-18 16:50:08,omg fantastic,5
2022-05-17 07:31:09,bad app,3
2017-09-25 18:59:02,amazing app i recommend,5
2021-03-22 14:18:42,excellent,2
2017-11-17 23:54:57,cant believe how bad it is,1
2023-03-25 07:33:39,"i dont hate it, but i dont love it either..",4
2018-05-03 05:15:49,cant believe how bad it is,5
2019-03-02 09:02:15,wish it had a easier way to load with money,4
2017-08-15 18:58:36,bad app,5
2019-04-29 00:33:44,perfect to buy and sell easily,2
2018-04-09 08:14:00,"terrible UI, deleted",5
2019-03-16 20:20:27,amazing app i recommend,5
2017-10-03 18:56:13,uauh terrible,1
2021-04-22 18:39:01,good,1
2019-07-28 14:30:27,uauh terrible,1
2021-07-22 06:51:03,"terrible UI, deleted",5
2017-04-02 21:04:30,omg fantastic,3
2022-05-25 10:14:20,GREAT APP,1
2022-12-02 06:59:06,dont even install,3
2023-06-17 22:03:55,GREAT APP,4
2023-06-02 03:19:24,not good not bad.. does the job,1
2020-02-10 14:46:07,amazing app i recommend,3
2023-05-09 12:58:25,GREAT APP,2
2018-09-03 00:52:22,"i dont hate it, but i dont love it either..",1
2022-08-08 13:31:36,very bad,4
2020-12-21 22:00:15,cant believe how bad it is,1
2021-05-28 16:12:51,amazing app i recommend,1
2022-05-02 07:36:13,neutral,4
2020-09-26 14:26:22,wow so good,5
2018-05-02 21:21:07,very bad,5
2020-10-19 03:47:36,not good not bad.. does the job,3
2017-10-12 03:13:06,very bad,3
2019-04-19 21:06:14,perfect to buy and sell easily,5
2020-11-05 09:15:46,not good not bad.. does the job,2
2020-12-16 14:17:35,perfection,3
2020-05-04 02:05:28,does the job,2
2022-04-18 00:13:26,good,5
2020-02-26 15:40:16,never again using,5
2018-03-21 08:32:41,"i dont hate it, but i dont love it either..",1
2021-09-29 16:25:28,perfect to buy and sell easily,4
2019-07-18 06:57:28,neutral,5
2017-08-26 14:05:11,very bad,3
2022-06-02 11:52:44,GREAT APP,4
2019-11-16 08:53:55,very bad,5
2023-10-22 22:58:11,wow so good,5
2017-12-04 12:06:05,uauh terrible,4
2022-09-08 19:16:38,cant believe how bad it is,5
2022-10-08 21:46:08,excellent,3
2019-02-28 19:39:18,good,1
2017-01-14 17:49:11,neutral,2
2017-01-03 08:51:11,perfect to buy and sell easily,3
2020-08-28 09:19:29,excellent,2
2019-04-18 20:40:09,excellent,2
2023-05-14 19:33:45,"terrible UI, deleted",4
2021-05-07 19:43:30,cant believe how bad it is,1
2019-11-20 00:14:56,"i dont hate it, but i dont love it either..",3
2021-04-08 19:58:35,perfection,1
2020-10-03 22:22:42,GREAT APP,1
2018-06-26 08:36:26,does the job,1
2022-04-11 08:28:52,wow so good,5
2023-12-27 21:29:13,not good not bad.. does the job,4
2017-06-10 23:48:17,uauh terrible,3
2022-12-16 20:22:51,cant believe how bad it is,2
2020-11-15 22:42:54,cant believe how bad it is,3
2020-11-30 02:16:46,neutral,1
2022-11-24 11:58:23,"terrible UI, deleted",3
2023-06-12 06:28:56,very bad,3
2021-06-20 18:38:50,good,5
2020-02-03 09:42:40,wow so good,2
2019-11-29 01:13:21,perfect to buy and sell easily,3
2023-03-01 06:44:53,very bad,4
2023-02-23 12:40:36,wow so good,1
2021-11-04 01:50:57,cant believe how bad it is,5
2017-07-02 07:13:42,does the job,4
2018-05-11 08:51:05,very bad,2
2022-11-17 19:57:07,"i dont hate it, but i dont love it either..",5
2018-04-09 00:30:16,neutral,5
2022-04-10 10:18:49,never again using,5
2018-02-10 17:36:20,omg fantastic,2
2020-11-04 06:19:40,very bad,4
2019-09-07 19:56:42,GREAT APP,3
2018-04-27 02:41:07,perfect to buy and sell easily,4
2023-04-01 15:59:47,dont even install,3
2023-03-06 06:04:34,amazing app i recommend,5
2023-03-23 17:21:03,wish it had a easier way to load with money,1
2018-07-11 00:10:33,perfection,3
2019-11-03 23:12:22,perfection,2
2018-05-06 01:20:08,never again using,5
2021-04-28 01:14:23,perfection,5
2019-07-29 12:08:48,"terrible UI, deleted",2
2019-01-05 14:01:41,"i dont hate it, but i dont love it either..",1
2023-06-10 13:58:35,not good not bad.. does the job,4
2020-01-19 12:04:19,uauh terrible,3
2017-01-01 15:22:23,amazing app i recommend,3
2017-03-16 20:00:19,cant believe how bad it is,4
2022-12-30 18:36:18,omg fantastic,1
2018-11-06 02:57:12,perfect to buy and sell easily,4
2022-02-24 18:31:27,excellent,5
2019-06-09 20:07:20,not good not bad.. does the job,5
2023-02-23 22:18:57,dont even install,4
2018-07-01 07:01:49,perfect to buy and sell easily,1
2017-01-11 17:15:05,dont even install,5
2017-01-03 21:00:08,very bad,3
2023-11-10 00:20:59,very bad,1
2022-04-26 23:22:37,dont even install,1
2019-06-30 15:23:36,"terrible UI, deleted",4
2021-05-12 20:02:48,uauh terrible,4
2020-02-03 15:58:45,excellent,4
2017-09-25 07:57:28,not good not bad.. does the job,3
2021-05-07 05:31:23,neutral,4
2022-04-22 05:31:49,cant believe how bad it is,3
2020-12-23 14:13:59,very good,4
2019-07-04 18:52:51,good,2
2018-06-27 09:27:16,never again using,2
2023-05-19 14:00:14,neutral,1
2019-12-01 20:53:41,wow so good,2
2023-02-23 03:57:33,excellent,3
2017-01-24 15:37:10,amazing app i recommend,2
2022-06-25 15:20:29,bad app,5
2019-09-19 05:28:58,uauh terrible,5
2023-04-23 01:03:41,good,4
2023-09-23 11:24:50,dont even install,3
2017-05-25 17:33:27,wish it had a easier way to load with money,4
2017-04-02 11:11:27,perfect to buy and sell easily,5
2022-06-05 14:13:24,perfect to buy and sell easily,1
2017-07-21 14:04:09,uauh terrible,3
2021-02-15 06:12:52,neutral,2
2020-02-14 21:56:20,uauh terrible,5
2023-12-11 20:14:57,neutral,3
2021-03-12 13:26:33,perfect to buy and sell easily,1
2023-08-11 00:24:58,not good not bad.. does the job,1
2019-11-07 20:37:13,neutral,4
2021-10-07 15:10:49,omg fantastic,5
2023-04-13 02:58:54,cant believe how bad it is,5
2022-02-17 21:30:25,3 out of 5 i guess,4
2022-01-31 12:06:38,3 out of 5 i guess,3
2022-10-04 18:47:53,"terrible UI, deleted",4
2023-05-29 19:44:54,very good,5
2021-10-04 09:29:21,"i dont hate it, but i dont love it either..",1
2018-01-18 05:11:13,perfect to buy and sell easily,1
2019-07-23 13:05:57,"terrible UI, deleted",3
2022-08-08 04:44:15,dont even install,4
2021-09-18 10:16:57,bad app,3
2018-07-19 18:34:18,wow so good,4
2019-10-28 19:28:56,bad,1
2017-10-08 12:20:20,good,1
2019-07-16 22:08:41,perfect to buy and sell easily,1
2018-01-12 04:33:46,bad app,3
2022-02-19 10:32:09,neutral,1
2017-05-12 18:43:59,excellent,1
2018-01-11 00:00:03,neutral,4
2020-07-05 16:51:06,perfection,2
2017-12-18 07:27:33,good,1
2019-11-17 12:10:32,"terrible UI, deleted",4
2017-03-26 22:38:12,wow so good,1
2017-08-14 17:06:41,cant believe how bad it is,1
2021-05-27 11:21:28,cant believe how bad it is,3
2017-06-29 18:28:31,"i dont hate it, but i dont love it either..",4
2020-08-06 02:04:32,not good not bad.. does the job,2
2021-10-08 11:38:24,wow so good,1
2019-09-26 19:45:11,3 out of 5 i guess,5
2020-11-07 19:29:06,very bad,3
2019-05-10 22:21:41,bad,3
2017-05-28 09:43:22,omg fantastic,2
2017-05-05 23:01:33,good,4
2021-09-26 16:58:18,wow so good,3
2021-08-20 16:08:05,bad app,4
2020-02-08 16:53:00,very bad,4
2019-11-11 11:39:27,amazing app i recommend,3
2023-07-08 21:10:47,omg fantastic,2
2021-10-11 18:13:38,amazing app i recommend,1
2022-09-09 09:29:00,neutral,1
2017-12-02 20:02:00,3 out of 5 i guess,2
2017-11-19 12:57:07,3 out of 5 i guess,3
2021-10-20 03:18:11,never again using,1
2019-03-27 15:39:18,bad,3
2018-02-04 10:01:01,perfect to buy and sell easily,3
2020-11-05 17:54:15,amazing app i recommend,3
2017-09-25 05:32:04,excellent,4
2020-06-12 10:54:39,does the job,4
2023-07-14 19:43:36,neutral,1
2022-01-07 01:10:17,"i dont hate it, but i dont love it either..",1
2021-06-25 19:26:57,wow so good,3
2023-09-20 21:54:31,very good,1
2017-04-06 18:43:57,excellent,2
2017-12-27 06:49:55,bad,2
2018-07-18 21:21:01,GREAT APP,3
2023-01-11 10:53:01,"i dont hate it, but i dont love it either..",1
2022-06-10 11:28:32,neutral,1
2020-08-02 13:03:41,dont even install,5
2019-10-31 05:28:18,bad app,4
2019-03-29 01:04:56,wish it had a easier way to load with money,1
2018-08-22 04:48:51,omg fantastic,1
2019-04-09 12:49:29,does the job,4
2022-08-22 05:27:38,not good not bad.. does the job,4
2022-08-19 11:16:54,perfection,3
2022-12-22 16:23:42,wow so good,1
2023-02-02 23:32:02,wow so good,4
2022-02-23 01:11:29,excellent,1
2021-03-10 08:49:26,dont even install,2
2023-10-10 10:28:24,cant believe how bad it is,3
2021-08-13 13:51:56,neutral,5
2017-10-17 03:13:19,amazing app i recommend,3
2019-10-06 02:46:37,cant believe how bad it is,2
2021-06-18 02:11:33,very good,4
2021-07-03 14:13:23,wish it had a easier way to load with money,1
2017-08-19 09:00:15,never again using,2
2017-12-02 04:28:52,good,2
2017-09-17 16:15:31,cant believe how bad it is,1
2017-06-13 14:48:06,does the job,2
2021-06-05 14:24:13,GREAT APP,3
2017-01-04 23:03:39,neutral,4
2022-03-24 21:39:40,3 out of 5 i guess,1
2019-08-15 01:11:39,"i dont hate it, but i dont love it either..",3
2019-04-02 19:36:13,very bad,2
2020-04-02 03:27:45,very bad,3
2019-12-04 15:05:09,"i dont hate it, but i dont love it either..",2
2021-10-20 12:13:48,never again using,4
2021-04-13 06:12:16,bad app,1
2019-03-17 22:26:46,amazing app i recommend,2
2017-03-30 21:18:29,bad app,3
2021-03-22 17:36:53,very bad,1
2018-09-05 17:02:12,omg fantastic,5
2021-05-31 05:26:08,never again using,2
2023-09-01 11:16:29,very bad,5
2023-08-25 00:12:03,bad app,2
2021-08-20 01:43:20,GREAT APP,1
2020-12-31 00:02:20,good,3
2018-07-31 06:58:40,perfect to buy and sell easily,1
2022-03-27 21:47:11,neutral,4
2020-10-11 00:17:46,wish it had a easier way to load with money,2
2023-11-10 14:25:38,uauh terrible,5
2017-03-07 15:27:56,perfection,1
2018-01-02 17:03:15,amazing app i recommend,2
2017-12-11 15:41:44,"i dont hate it, but i dont love it either..",2
2019-09-27 22:49:35,"i dont hate it, but i dont love it either..",1
2022-02-09 20:49:09,wow so good,1
2017-05-30 13:43:53,bad,1
2023-01-12 00:10:51,amazing app i recommend,4
2019-10-08 14:27:20,dont even install,2
2019-11-11 14:15:10,uauh terrible,5
2020-03-31 02:48:04,dont even install,1
2019-09-04 12:19:14,3 out of 5 i guess,4
2022-05-21 05:47:18,bad,2
2022-03-05 16:32:55,wow so good,3
2017-03-29 04:38:35,not good not bad.. does the job,1
2023-03-08 16:22:17,uauh terrible,2
2021-07-25 06:36:03,wish it had a easier way to load with money,3
2018-07-19 03:52:19,dont even install,5
2021-01-23 06:09:08,GREAT APP,1
2021-03-18 17:16:43,"i dont hate it, but i dont love it either..",1
2022-01-13 16:59:02,"i dont hate it, but i dont love it either..",3
2018-01-20 18:53:14,amazing app i recommend,2
2021-09-01 12:56:02,GREAT APP,1
2017-03-21 11:07:04,"i dont hate it, but i dont love it either..",5
2019-04-22 12:45:39,uauh terrible,5
2018-09-10 20:14:34,does the job,3
2021-05-09 08:03:35,GREAT APP,3
2021-10-07 09:49:57,3 out of 5 i guess,3
2017-08-11 15:40:07,wow so good,1
2018-04-11 22:11:18,GREAT APP,1
2023-07-08 16:24:09,excellent,4
2020-05-27 14:23:53,not good not bad.. does the job,4
2021-05-11 23:45:23,perfect to buy and sell easily,4
2023-11-22 13:41:38,excellent,2
2020-06-29 08:23:36,very bad,5
2020-07-08 15:24:58,uauh terrible,4
2019-01-23 05:13:55,never again using,1
2023-01-05 18:04:03,bad,3
2018-01-04 13:34:44,very bad,4
2020-02-16 23:26:49,perfect to buy and sell easily,3
2019-07-25 11:18:11,bad app,2
2017-11-15 01:35:54,bad,5
2017-08-08 04:45:19,good,4
2017-09-19 08:38:13,wish it had a easier way to load with money,1
2018-07-16 14:15:25,does the job,3
2020-11-29 18:47:57,never again using,3
2020-12-07 06:49:40,amazing app i recommend,4
2021-01-24 20:31:52,cant believe how bad it is,1
2017-09-11 09:01:02,never again using,1
2018-11-26 03:54:45,GREAT APP,1
2021-03-12 05:42:43,cant believe how bad it is,3
2023-10-30 15:55:58,bad app,1
2019-01-30 10:34:15,"terrible UI, deleted",5
2018-04-07 11:35:58,not good not bad.. does the job,5
2020-10-08 00:46:10,bad app,5
2020-03-06 15:20:48,bad,3
2017-09-18 08:56:18,dont even install,3
2022-12-03 08:41:13,3 out of 5 i guess,2
2022-12-11 07:57:46,excellent,5
2018-06-22 17:48:39,neutral,4
2023-03-22 17:05:18,GREAT APP,4
2019-11-19 20:48:10,bad,5
2023-02-18 04:04:40,omg fantastic,1
2021-03-25 22:07:57,perfect to buy and sell easily,4
2019-08-29 04:41:18,GREAT APP,5
2020-12-25 09:12:54,does the job,2
2018-08-26 05:24:40,wow so good,4
2020-05-12 16:06:58,very bad,4
2022-04-08 10:12:20,perfect to buy and sell easily,3
2019-07-14 16:20:33,perfect to buy and sell easily,5
2020-10-25 00:12:58,GREAT APP,1
2021-01-29 05:08:16,perfection,3
2019-05-04 16:05:18,good,3
2021-09-24 05:35:29,good,2
2022-05-12 00:40:48,never again using,3
2021-09-01 10:23:38,very good,5
2023-02-04 13:29:33,perfect to buy and sell easily,5
2017-08-10 13:52:09,omg fantastic,5
2022-06-03 02:07:19,"i dont hate it, but i dont love it either..",3
2020-04-25 18:05:23,amazing app i recommend,4
2018-09-27 16:50:52,dont even install,1
2022-01-26 21:51:00,neutral,1
2019-10-18 13:20:46,cant believe how bad it is,2
2020-07-19 14:04:08,good,5
2017-09-21 23:25:07,perfection,1
2021-04-10 23:36:13,neutral,4
2021-08-19 09:53:13,neutral,5
2023-01-30 14:12:28,excellent,3
2017-04-06 23:20:12,not good not bad.. does the job,3
2022-07-06 19:30:56,never again using,4
2020-01-16 19:31:57,very bad,2
2019-11-13 13:55:32,does the job,2
2020-03-02 07:05:59,dont even install,4
2020-04-19 19:41:03,bad app,5
2017-05-04 18:42:14,dont even install,4
2023-03-21 10:08:40,omg fantastic,1
2020-09-20 21:26:49,3 out of 5 i guess,3
2018-03-22 00:38:39,3 out of 5 i guess,2
2021-11-14 01:11:35,does the job,5
2018-01-07 18:19:04,"terrible UI, deleted",5
2020-11-05 10:18:15,neutral,1
2022-04-28 05:32:33,bad app,1
2020-12-23 14:31:07,wow so good,4
2022-04-23 17:09:26,very good,1
2023-10-11 20:54:12,cant believe how bad it is,1
2021-05-11 16:14:20,wow so good,1
2022-11-17 15:56:20,never again using,5
2022-09-18 01:50:20,GREAT APP,1
2022-09-26 15:45:16,perfect to buy and sell easily,1
2022-08-14 09:22:43,not good not bad.. does the job,1
2023-11-13 05:02:15,excellent,3
2021-03-28 14:41:01,perfection,1
2022-04-26 17:14:47,does the job,1
2023-06-11 18:39:12,bad app,1
2017-04-09 07:32:36,uauh terrible,4
2018-04-14 05:19:02,dont even install,1
2021-08-01 16:04:53,good,1
2023-08-16 06:05:55,dont even install,1
2020-09-08 23:09:07,does the job,5
2018-08-19 19:11:51,wish it had a easier way to load with money,3
2018-10-30 08:24:54,does the job,2
2017-04-19 20:02:39,excellent,4
2019-06-14 01:31:04,very good,3
2021-01-10 17:31:53,wow so good,5
2022-11-05 17:38:17,omg fantastic,2
2021-05-10 18:09:13,bad,2
2022-11-15 01:36:08,not good not bad.. does the job,2
2020-08-16 10:55:37,neutral,1
2019-01-23 18:20:26,does the job,3
2018-07-23 16:04:35,cant believe how bad it is,4
2019-12-15 06:14:47,not good not bad.. does the job,4
2019-04-10 16:30:55,good,2
2020-03-30 11:22:01,wow so good,5
2020-12-27 09:33:40,omg fantastic,5
2017-12-26 04:24:29,good,2
2021-05-01 10:37:29,good,4
2018-09-10 03:07:03,bad,1
2023-12-06 08:23:05,very good,4
2022-09-20 09:48:26,3 out of 5 i guess,5
2020-07-19 07:33:45,bad,5
2021-10-03 00:00:53,very good,5
2017-05-13 06:13:45,very good,2
2022-07-06 10:08:09,very good,5
2018-03-15 20:52:21,not good not bad.. does the job,5
2021-01-26 05:31:25,never again using,4
2021-01-13 19:19:19,GREAT APP,2
2018-02-08 12:21:41,bad,2
2018-08-28 15:11:50,bad,4
2020-10-12 08:00:17,does the job,4
2022-06-29 08:35:47,wish it had a easier way to load with money,3
2021-12-12 09:04:18,perfection,5
2022-09-24 19:46:52,omg fantastic,5
2023-12-23 14:21:43,does the job,5
2017-03-23 07:40:43,bad,4
2018-10-03 04:25:41,cant believe how bad it is,4
2022-08-02 21:45:45,bad,4
2017-06-17 15:52:24,very bad,2
2017-05-06 02:33:37,"i dont hate it, but i dont love it either..",2
2019-07-31 05:09:57,dont even install,3
2018-05-12 22:46:15,good,4
2018-03-27 04:13:41,very good,3
2023-09-13 14:29:05,3 out of 5 i guess,3
2023-04-20 08:12:57,neutral,1
2020-08-08 13:05:32,dont even install,2
2020-01-14 18:55:45,not good not bad.. does the job,1
2019-11-06 20:39:19,neutral,3
2018-04-25 12:31:04,bad,4
2017-04-23 22:47:18,3 out of 5 i guess,5
2023-12-23 17:11:49,perfect to buy and sell easily,3
2019-09-28 20:58:05,never again using,2
2019-03-13 22:44:49,uauh terrible,3
2023-10-21 19:07:34,omg fantastic,3
2018-05-24 11:27:39,dont even install,2
2023-12-17 03:44:18,GREAT APP,1
2020-07-02 03:31:45,very good,4
2020-04-06 06:18:15,neutral,4
2019-02-20 17:23:18,uauh terrible,4
2019-02-26 07:41:29,wish it had a easier way to load with money,4
2017-10-02 23:33:03,omg fantastic,2
2021-01-17 18:52:42,excellent,4
2022-09-17 23:08:59,very bad,5
2019-07-04 14:48:32,"terrible UI, deleted",5
2017-10-30 06:21:23,GREAT APP,2
2017-11-15 07:52:11,bad,4
2019-07-14 08:49:44,perfect to buy and sell easily,5
2017-08-23 05:19:04,does the job,1
2017-01-27 04:57:09,very good,5
2020-07-13 22:15:50,not good not bad.. does the job,2
2018-06-14 20:30:28,3 out of 5 i guess,3
2019-02-02 09:49:20,bad,5
2023-01-05 12:36:56,neutral,1
2020-05-29 13:46:18,omg fantastic,1
2022-03-25 11:32:18,GREAT APP,3
2019-05-19 02:18:15,good,3
2023-11-17 11:24:30,dont even install,2
2022-05-10 16:30:59,neutral,3
2022-05-27 06:25:47,good,3
2021-05-23 13:05:02,good,4
2023-09-16 16:41:54,uauh terrible,1
2017-04-21 15:06:45,very good,2
2019-09-03 20:19:11,good,1
2020-04-10 17:32:43,very bad,1
2017-01-01 04:52:31,bad app,4
2017-10-04 03:43:07,"terrible UI, deleted",3
2021-11-29 05:30:12,neutral,5
2022-06-04 14:10:53,bad app,3
2018-07-18 14:18:28,good,1
2023-07-30 01:08:48,3 out of 5 i guess,2
2021-01-22 16:52:36,perfection,3
2021-10-27 13:53:16,GREAT APP,1
2022-01-25 06:26:37,wish it had a easier way to load with money,4
2022-02-22 21:01:04,amazing app i recommend,4
2022-08-07 07:15:40,"i dont hate it, but i dont love it either..",1
2017-11-01 02:08:43,excellent,4
2023-09-10 22:44:15,dont even install,5
2023-05-28 03:18:28,does the job,1
2020-08-19 11:07:53,uauh terrible,5
2022-10-13 12:29:24,3 out of 5 i guess,2
2023-09-27 21:26:18,never again using,2
2019-08-10 13:35:19,excellent,5
2017-03-02 04:25:36,bad,5
2018-06-27 09:49:47,bad app,2
2018-01-10 20:37:33,does the job,5
2017-06-04 12:03:36,omg fantastic,4
2020-10-05 14:21:22,3 out of 5 i guess,3
2022-07-06 14:58:27,perfection,5
2018-08-28 09:54:53,very good,4
2018-06-06 18:24:08,dont even install,1
2019-12-27 03:13:00,wow so good,5
2023-12-13 23:34:33,bad app,5
2019-09-20 12:05:31,uauh terrible,3
2018-05-17 03:23:38,"terrible UI, deleted",5
2023-08-29 07:41:50,3 out of 5 i guess,3
2021-08-30 23:14:37,dont even install,3
2017-05-11 21:49:25,does the job,4
2020-09-16 13:15:02,wish it had a easier way to load with money,5
2023-11-13 11:27:59,bad,5
2022-12-30 04:42:58,wish it had a easier way to load with money,5
2019-01-23 09:14:24,"i dont hate it, but i dont love it either..",1
2018-12-21 20:39:27,dont even install,1
2023-05-24 12:14:58,very bad,1
2017-03-07 03:16:41,amazing app i recommend,3
2018-06-10 18:05:04,omg fantastic,3
2022-11-19 07:07:48,uauh terrible,5
2017-01-03 12:17:41,uauh terrible,1
2022-06-11 09:41:52,does the job,1
2017-08-27 02:15:43,bad app,4
2021-12-22 11:44:52,perfect to buy and sell easily,1
2021-09-08 17:35:29,wow so good,1
2020-08-15 00:13:41,excellent,4
2020-02-27 01:26:02,wish it had a easier way to load with money,2
2018-02-03 20:36:47,amazing app i recommend,2
2019-07-16 17:38:02,neutral,5
2023-09-07 23:47:11,wish it had a easier way to load with money,4
2019-10-24 19:30:36,"terrible UI, deleted",3
2020-01-24 09:33:20,cant believe how bad it is,5
2020-07-06 09:30:40,omg fantastic,5
2022-08-08 20:21:45,3 out of 5 i guess,5
2023-09-14 09:17:09,cant believe how bad it is,5
2021-08-07 02:12:38,perfection,3
2020-07-09 12:40:28,bad,2
2022-09-17 02:35:43,uauh terrible,1
2018-05-18 14:10:03,never again using,4
2023-01-28 19:06:47,good,1
2018-09-30 21:33:50,dont even install,3
2017-12-11 02:03:42,very good,3
2023-05-05 10:39:02,very good,4
2018-12-02 07:21:00,uauh terrible,3
2021-01-18 00:15:01,very good,2
2021-03-01 10:08:52,amazing app i recommend,1
2021-07-25 11:46:16,bad,3
2018-06-23 01:15:29,"terrible UI, deleted",3
2019-01-06 17:39:35,bad app,5
2023-09-20 04:38:34,excellent,1
2022-10-27 19:37:15,3 out of 5 i guess,4
2017-02-24 15:58:18,dont even install,5
2017-12-13 06:15:31,dont even install,4
2018-11-07 12:17:26,not good not bad.. does the job,3
2018-04-28 03:22:19,excellent,4
2017-11-05 22:01:14,never again using,3
2021-05-10 12:34:41,good,5
2023-11-25 06:21:00,omg fantastic,3
2022-01-17 23:51:09,perfect to buy and sell easily,2
2017-10-10 01:04:19,very good,3
2020-03-21 08:25:22,uauh terrible,5
2019-03-30 22:41:04,uauh terrible,4
2021-05-07 16:19:09,does the job,2
2022-12-10 00:32:01,GREAT APP,5
2021-04-24 04:19:46,omg fantastic,1
2018-05-28 13:29:03,neutral,5
2017-11-08 07:43:12,good,3
2017-09-10 08:16:25,wish it had a easier way to load with money,4
2023-05-04 06:16:18,omg fantastic,5
2022-03-03 11:24:03,neutral,2
2017-06-17 12:24:25,perfect to buy and sell easily,3
2021-09-06 09:55:54,perfection,4
2020-02-19 14:36:58,does the job,3
2017-11-04 01:42:06,wow so good,5
2019-04-24 04:22:33,3 out of 5 i guess,1
2018-06-01 15:17:26,never again using,4
2017-11-28 05:24:07,perfect to buy and sell easily,5
2021-04-27 06:34:43,does the job,3
2022-11-13 15:07:04,omg fantastic,3
2019-06-09 07:40:41,bad,2
2020-05-05 01:08:03,wish it had a easier way to load with money,4
2017-12-22 18:34:20,neutral,4
2017-09-18 18:04:51,dont even install,3
2017-01-03 08:22:49,never again using,3
2023-10-12 10:33:53,3 out of 5 i guess,3
2022-12-06 16:48:34,very bad,3
2023-12-27 23:26:37,bad app,4
2017-03-14 11:19:14,never again using,5
2022-10-21 03:46:45,perfection,5
2019-07-20 22:03:15,neutral,4
2022-05-11 20:06:57,wow so good,5
2017-10-26 09:44:15,"i dont hate it, but i dont love it either..",3
2019-11-26 13:59:55,perfect to buy and sell easily,4
2017-09-01 21:48:09,dont even install,1
2021-01-11 20:20:25,neutral,4
2017-07-02 04:43:40,dont even install,4
2020-03-26 02:50:13,excellent,3
2018-04-16 09:40:18,not good not bad.. does the job,4
2021-08-09 03:04:47,bad app,4
2021-12-13 12:11:31,bad,4
2017-07-17 21:29:13,good,4
2023-08-09 04:12:19,perfection,3
2021-11-13 16:01:21,dont even install,4
2018-06-04 06:38:41,"i dont hate it, but i dont love it either..",4
2022-06-20 20:44:31,3 out of 5 i guess,4
2020-05-10 01:37:12,neutral,5
2018-05-28 08:42:50,amazing app i recommend,4
2020-03-09 21:31:34,omg fantastic,5
2023-11-24 04:03:00,bad,3
2022-04-08 00:45:21,perfect to buy and sell easily,5
2017-04-19 20:33:27,dont even install,4
2019-08-16 14:02:40,omg fantastic,5
2023-09-01 22:59:50,cant believe how bad it is,2
2017-02-14 16:05:07,"i dont hate it, but i dont love it either..",5
2017-03-11 07:18:16,dont even install,5
2019-03-19 15:39:43,uauh terrible,1
2023-08-06 04:09:57,"terrible UI, deleted",3
2023-11-16 02:14:12,good,2
2020-11-23 16:19:28,"terrible UI, deleted",4
2017-07-23 13:07:58,excellent,2
2021-04-12 04:53:41,perfect to buy and sell easily,2
2022-02-13 17:49:54,omg fantastic,1
2022-10-16 00:24:44,bad app,5
2019-11-23 09:33:01,excellent,5
2018-06-06 18:50:57,excellent,3
2022-07-05 13:55:36,neutral,3
2019-10-30 03:56:31,very good,1
2017-10-17 23:17:07,"i dont hate it, but i dont love it either..",1
2023-10-28 00:00:31,neutral,2
2018-05-21 09:41:17,uauh terrible,2
2022-09-09 02:26:19,perfect to buy and sell easily,2
2020-09-17 21:27:25,good,5
2021-01-11 10:14:41,bad,5
2021-06-12 10:14:28,"i dont hate it, but i dont love it either..",4
2023-11-04 05:13:55,cant believe how bad it is,3
2023-01-16 15:38:49,very bad,2
2018-11-08 23:27:50,3 out of 5 i guess,2
2023-05-06 19:15:13,"terrible UI, deleted",3
2021-03-14 22:35:27,perfect to buy and sell easily,5
2018-01-07 05:44:41,bad,1
2020-08-15 19:54:30,amazing app i recommend,2
2022-01-27 17:35:26,excellent,1
2023-10-30 13:18:23,good,5
2021-10-22 07:00:45,"i dont hate it, but i dont love it either..",2
2020-12-19 06:17:31,GREAT APP,2
2021-01-29 07:39:46,never again using,1
2019-12-19 08:58:12,dont even install,1
2021-03-20 17:58:10,"i dont hate it, but i dont love it either..",4
2023-06-17 14:49:37,good,2
2021-07-29 03:51:11,not good not bad.. does the job,3
2021-01-06 20:11:12,never again using,2
2017-06-11 16:02:54,neutral,5
2021-10-30 21:28:04,neutral,1
2017-06-09 05:14:28,cant believe how bad it is,2
2021-12-09 18:07:38,neutral,2
2018-06-26 13:54:23,"i dont hate it, but i dont love it either..",2
2023-11-04 21:23:26,not good not bad.. does the job,5
2022-03-06 17:26:50,perfection,5
2021-06-11 17:30:35,uauh terrible,2
2019-05-07 06:09:33,wow so good,1
2017-01-28 20:15:08,uauh terrible,2
2023-12-24 23:16:13,perfection,1
2019-09-14 16:30:12,perfect to buy and sell easily,5
2020-12-22 21:57:25,very good,5
2023-07-11 06:51:47,"i dont hate it, but i dont love it either..",5
2018-06-05 09:46:23,not good not bad.. does the job,3
2022-09-10 15:24:14,wow so good,1
2017-05-04 11:03:26,GREAT APP,4
2021-06-01 13:26:34,good,1
2018-10-08 04:46:34,does the job,3
2020-02-18 04:00:53,omg fantastic,5
2018-06-01 19:08:23,wish it had a easier way to load with money,4
2022-01-22 14:39:25,excellent,4
2020-03-18 09:51:45,3 out of 5 i guess,5
2018-07-04 08:27:32,dont even install,4
2018-06-08 11:15:33,cant believe how bad it is,4
2022-03-12 04:36:02,perfection,2
2017-08-08 01:24:33,uauh terrible,3
2019-08-27 09:44:22,GREAT APP,3
2019-12-31 09:48:37,amazing app i recommend,1
2020-11-17 22:05:36,neutral,1
2019-04-18 20:02:20,wow so good,4
2018-01-09 07:25:13,cant believe how bad it is,5
2019-12-15 21:04:15,does the job,1
2020-02-18 13:02:48,neutral,2
2018-07-10 11:39:50,perfect to buy and sell easily,2
2020-09-14 16:08:40,wish it had a easier way to load with money,2
2023-06-11 13:55:15,good,1
2020-07-25 09:44:37,very good,4
2017-09-19 16:09:03,uauh terrible,4
2023-09-15 03:34:19,cant believe how bad it is,4
2022-03-21 15:12:31,uauh terrible,2
2017-09-03 10:11:57,"terrible UI, deleted",5
2019-01-27 08:27:15,amazing app i recommend,2
2018-06-19 15:14:13,perfect to buy and sell easily,4
2023-10-23 03:20:40,uauh terrible,4
2017-11-22 22:27:59,cant believe how bad it is,5
2020-06-03 14:36:37,3 out of 5 i guess,4
2019-08-06 19:48:31,amazing app i recommend,2
2021-11-25 22:14:00,wow so good,2
2019-09-16 08:28:44,cant believe how bad it is,3
2021-08-20 10:29:39,wish it had a easier way to load with money,4
2020-02-27 02:31:22,very good,5
2023-08-17 23:33:49,omg fantastic,1
2023-09-26 13:14:53,"terrible UI, deleted",3
2018-11-06 01:13:45,omg fantastic,1
2017-01-15 22:15:27,never again using,3
2019-01-27 19:27:18,GREAT APP,3
2023-04-12 08:53:57,does the job,5
2019-03-04 10:11:00,bad app,2
2018-05-10 21:25:59,GREAT APP,4
2021-10-22 08:52:38,excellent,1
2019-02-13 09:48:51,bad,5
2022-03-25 07:51:47,very good,5
2019-06-26 07:09:45,dont even install,5
2022-10-10 18:53:48,dont even install,4
2022-01-16 07:28:14,bad,5
2019-11-09 10:00:28,perfection,2
2021-10-17 20:29:03,neutral,1
2022-08-05 02:14:02,wow so good,5
2021-08-11 00:25:30,GREAT APP,2
2023-03-11 13:16:54,perfection,3
2023-10-02 09:57:17,bad app,2
2022-07-08 02:55:49,perfection,1
2022-01-10 15:05:52,very good,2
2018-08-05 03:19:42,very bad,3
2022-03-12 15:10:23,never again using,2
2021-03-31 07:02:57,GREAT APP,5
2021-02-13 11:47:37,bad,1
2022-06-11 10:36:06,perfection,2
2022-03-18 09:48:25,bad,3
2022-05-20 07:03:32,not good not bad.. does the job,3
2018-05-27 10:57:31,perfect to buy and sell easily,5
2021-03-02 00:40:46,wow so good,5
2019-01-16 06:24:09,3 out of 5 i guess,5
2018-07-12 07:02:13,amazing app i recommend,5
2023-07-24 01:52:09,dont even install,2
2021-12-31 17:49:49,bad app,5
2020-09-29 11:01:10,very good,4
2021-10-28 08:47:02,cant believe how bad it is,4
2022-05-13 09:57:02,perfect to buy and sell easily,3
2020-06-20 04:28:42,3 out of 5 i guess,2
2018-01-06 05:01:39,amazing app i recommend,2
2020-09-09 18:27:50,dont even install,4
2018-08-29 02:00:06,uauh terrible,5
2019-07-24 10:24:52,cant believe how bad it is,5
2021-12-14 14:55:57,GREAT APP,3
2019-10-15 13:30:31,very good,5
2018-07-27 23:39:26,perfect to buy and sell easily,1
2023-07-24 02:17:35,does the job,2
2020-03-02 07:26:19,GREAT APP,1
2017-01-04 16:13:38,not good not bad.. does the job,3
2018-03-21 23:33:40,very good,5
2021-11-26 02:21:20,wow so good,3
2017-07-11 11:24:35,neutral,2
2017-06-20 12:10:19,"i dont hate it, but i dont love it either..",4
2020-03-01 18:35:35,dont even install,2
2018-01-07 11:17:15,bad,3
2021-12-13 12:35:54,cant believe how bad it is,1
2020-11-28 13:31:29,does the job,1
2021-11-12 22:17:20,very bad,2
2023-03-29 21:13:04,"i dont hate it, but i dont love it either..",1
2017-04-13 10:17:17,bad,5
2017-03-27 07:18:28,very bad,1
2021-11-18 14:25:34,bad,2
2020-10-05 01:43:23,excellent,4
2023-08-22 11:45:40,"i dont hate it, but i dont love it either..",3
2017-07-20 00:24:43,never again using,1
2018-08-22 16:15:42,never again using,4
2022-10-17 11:04:18,does the job,3
2017-12-15 08:56:43,cant believe how bad it is,4
2017-07-18 04:11:40,cant believe how bad it is,5
2023-09-01 22:21:54,wow so good,4
2017-05-25 10:45:27,wow so good,2
2018-11-30 08:54:55,perfection,3
2017-09-01 22:18:23,dont even install,5
2021-02-07 08:05:09,excellent,4
2017-02-23 20:49:56,very good,3
2021-07-08 04:21:49,wish it had a easier way to load with money,1
2019-10-01 23:26:17,omg fantastic,2
2023-02-04 16:16:37,not good not bad.. does the job,4
2020-07-27 18:53:18,uauh terrible,5
2019-05-26 19:27:40,never again using,1
2021-11-09 23:42:45,wish it had a easier way to load with money,5
2019-05-20 00:31:08,never again using,2
2020-03-24 05:40:58,very bad,5
2017-05-03 07:19:10,very good,5
2021-03-11 03:31:47,never again using,2
2018-04-02 21:24:24,GREAT APP,2
2020-08-30 05:22:24,very good,5
2020-03-05 17:27:11,"i dont hate it, but i dont love it either..",3
2023-04-24 19:19:53,"i dont hate it, but i dont love it either..",5
2022-06-10 17:05:48,excellent,5
2020-04-07 13:44:24,perfect to buy and sell easily,2
2021-03-09 20:51:04,"i dont hate it, but i dont love it either..",5
2022-11-22 23:13:51,good,5
2017-05-22 08:48:53,excellent,3
2019-07-13 14:38:23,wow so good,1
2020-12-12 19:07:23,cant believe how bad it is,2
2017-12-20 22:02:27,not good not bad.. does the job,2
2023-09-04 23:29:45,very good,5
2021-08-09 19:49:28,excellent,5
2020-08-27 09:23:42,"terrible UI, deleted",1
2022-03-12 15:32:43,good,5
2021-06-20 01:24:26,never again using,3
2018-02-04 00:00:32,bad,3
2021-08-02 12:45:58,uauh terrible,5
2021-01-23 16:36:43,bad,2
2021-06-26 14:30:55,amazing app i recommend,4
2021-08-06 00:12:12,"i dont hate it, but i dont love it either..",4
2023-02-14 20:51:33,3 out of 5 i guess,5
2019-11-28 20:49:50,dont even install,2
2019-11-25 08:53:41,"terrible UI, deleted",3
2019-06-09 14:21:51,dont even install,4
2020-05-29 17:31:22,very good,2
2022-01-24 17:55:41,never again using,4
2017-08-23 20:01:54,omg fantastic,3
2023-07-08 16:33:36,amazing app i recommend,2
2021-12-22 04:21:36,neutral,1
2017-11-20 19:10:35,not good not bad.. does the job,1
2019-03-07 17:14:13,very good,4
2022-10-05 15:08:27,bad,1
2022-04-18 21:25:11,dont even install,2
2020-03-25 14:38:43,very good,3
2023-06-23 05:54:16,excellent,2
2018-06-19 12:05:55,bad app,1
2018-11-09 18:16:51,good,2
2021-02-22 11:02:41,"terrible UI, deleted",2
2019-12-05 04:10:16,bad app,4
2023-07-05 23:51:01,never again using,1
2021-09-10 17:40:33,never again using,5
2020-12-25 11:04:14,"terrible UI, deleted",5
2019-08-02 13:15:55,bad,5
2021-09-02 17:44:41,wish it had a easier way to load with money,1
2018-09-17 21:31:09,wow so good,2
2020-04-11 23:55:48,uauh terrible,3
2018-12-21 16:53:51,perfection,3
2017-03-10 17:29:23,wow so good,3
2022-01-21 12:16:01,perfection,5
2023-03-25 22:44:10,very good,1
2021-04-16 03:02:18,wow so good,4
2021-04-20 22:09:26,"i dont hate it, but i dont love it either..",3
2018-05-22 17:35:30,wish it had a easier way to load with money,3
2023-02-05 07:04:33,never again using,3
2017-02-22 09:53:26,cant believe how bad it is,3
2020-03-04 13:31:05,excellent,4
2017-07-10 20:39:27,bad app,3
2021-06-02 00:10:46,GREAT APP,2
2019-11-10 20:12:53,does the job,4
2022-05-02 23:55:21,wow so good,1
2019-03-06 22:22:52,wish it had a easier way to load with money,4
2022-10-30 09:08:18,very bad,1
2017-06-30 09:21:16,very bad,1
2019-01-17 23:34:24,bad app,1
2019-02-08 22:57:52,wow so good,5
2019-11-06 16:35:58,very good,3
2017-05-01 04:07:42,good,4
2020-09-18 17:59:07,perfect to buy and sell easily,3
2022-06-19 21:13:29,wow so good,3
2020-09-23 11:17:27,bad app,3
2020-02-01 01:32:06,bad app,5
2019-11-28 10:48:51,neutral,1
2021-12-02 13:07:18,neutral,1
2023-11-23 07:59:02,very bad,5
2018-01-31 12:32:39,very bad,3
2017-10-08 17:09:43,cant believe how bad it is,3
2018-11-24 12:28:19,wow so good,1
2017-09-14 09:20:24,does the job,2
2017-06-30 15:58:49,uauh terrible,1
2020-02-18 02:41:27,GREAT APP,3
2019-05-19 05:45:44,cant believe how bad it is,3
2021-06-13 23:48:55,cant believe how bad it is,1
2023-06-17 05:31:05,excellent,4
2019-04-06 09:40:43,cant believe how bad it is,5
2017-03-25 07:54:48,cant believe how bad it is,5
2018-08-20 07:32:18,3 out of 5 i guess,2
2018-08-27 02:20:27,amazing app i recommend,4
2019-03-03 06:27:10,excellent,1
2017-09-14 21:30:49,perfection,1
2017-09-27 06:49:58,"i dont hate it, but i dont love it either..",1
2019-06-08 11:21:40,uauh terrible,4
2017-01-05 04:11:57,amazing app i recommend,4
2023-12-22 14:15:50,bad app,1
2018-11-22 19:25:50,neutral,5
2019-04-19 07:12:08,"terrible UI, deleted",2
2023-05-01 22:45:58,perfection,2
2019-09-14 16:03:46,does the job,2
2018-06-13 11:59:52,cant believe how bad it is,5
2020-02-07 18:25:50,neutral,5
2018-06-07 21:49:35,perfect to buy and sell easily,2
2019-05-23 18:06:02,excellent,3
2018-02-26 17:17:46,"terrible UI, deleted",1
2018-06-23 23:00:26,cant believe how bad it is,4
2019-02-17 11:03:51,omg fantastic,5
2017-03-20 11:55:02,bad app,1
2021-08-13 18:39:06,very good,2
2018-02-08 07:01:23,cant believe how bad it is,4
2020-07-13 08:41:34,"i dont hate it, but i dont love it either..",1
2018-05-27 16:00:03,"terrible UI, deleted",4
2021-06-08 10:09:47,"terrible UI, deleted",2
2020-04-11 11:01:01,bad,2
2022-12-31 03:25:50,perfect to buy and sell easily,1
2023-12-12 19:09:48,does the job,2
2022-05-06 18:18:29,excellent,1
2021-06-25 20:49:39,wish it had a easier way to load with money,2
2018-04-20 10:00:15,amazing app i recommend,5
2017-11-22 06:47:28,uauh terrible,2
2017-12-16 19:48:31,never again using,1
2017-04-12 16:58:02,perfection,2
2023-06-23 23:54:40,bad app,4
2021-07-01 15:38:13,neutral,4
2019-02-24 01:14:01,GREAT APP,2
2022-05-21 22:08:32,GREAT APP,1
2023-05-14 22:04:40,excellent,4
2017-04-01 17:52:50,perfect to buy and sell easily,4
2023-07-19 23:15:33,wow so good,5
2017-06-04 01:20:26,uauh terrible,2
2018-03-29 18:22:24,uauh terrible,2
2020-02-06 02:22:01,very bad,2
2022-06-25 00:32:54,GREAT APP,3
2023-09-04 22:12:33,very bad,2
2017-09-15 17:13:33,not good not bad.. does the job,1
2020-02-20 11:42:45,"terrible UI, deleted",4
2018-05-17 15:31:52,cant believe how bad it is,2
2019-03-13 04:47:00,amazing app i recommend,3
2017-01-08 16:42:41,neutral,2
2020-11-07 05:40:28,amazing app i recommend,1
2021-12-16 08:22:23,never again using,3
2022-03-17 02:04:38,wish it had a easier way to load with money,4
2022-02-18 07:43:42,"terrible UI, deleted",2
2017-10-18 04:18:10,uauh terrible,3
2017-12-29 08:23:07,3 out of 5 i guess,2
2023-11-12 01:35:56,"i dont hate it, but i dont love it either..",1
2021-06-11 11:58:31,perfection,5
2017-09-10 19:35:51,bad app,3
2022-06-08 22:19:30,very bad,3
2021-11-19 14:14:50,excellent,2
2018-11-24 13:28:17,3 out of 5 i guess,5
2018-05-07 02:26:54,omg fantastic,2
2017-01-09 04:50:27,GREAT APP,3
2022-07-30 14:43:57,amazing app i recommend,5
2020-06-29 17:23:31,does the job,3
2023-05-27 09:44:18,very bad,3
2018-07-09 13:23:20,GREAT APP,2
2020-01-14 20:32:12,never again using,5
2018-12-05 08:31:30,excellent,4
2021-03-01 23:49:07,cant believe how bad it is,2
2020-09-07 18:44:35,cant believe how bad it is,3
2020-02-05 01:16:58,cant believe how bad it is,1
2023-12-29 07:55:25,not good not bad.. does the job,2
2018-09-20 04:17:37,omg fantastic,2
2017-05-03 19:49:13,omg fantastic,1
2021-05-05 07:54:23,wish it had a easier way to load with money,4
2019-05-28 17:12:36,cant believe how bad it is,2
2020-01-01 04:19:54,"terrible UI, deleted",3
2021-08-23 04:27:14,perfect to buy and sell easily,5
2022-08-07 13:08:11,good,3
2017-06-21 06:07:40,amazing app i recommend,4
2022-11-04 18:28:20,bad,4
2023-12-05 05:31:37,amazing app i recommend,1
2020-10-09 23:53:18,wow so good,3
2022-07-12 18:28:29,very bad,4
2022-06-15 22:13:01,does the job,2
2018-01-24 01:32:37,bad,4
2017-09-16 01:31:44,perfection,2
2017-09-05 18:41:20,good,3
2020-06-08 00:51:32,cant believe how bad it is,3
2023-08-03 06:05:37,3 out of 5 i guess,5
2018-01-26 04:17:31,never again using,1
2020-01-17 02:48:06,dont even install,2
2022-02-01 03:35:18,not good not bad.. does the job,3
2021-08-22 18:13:51,bad,5
2022-12-22 07:01:59,uauh terrible,3
2019-04-20 03:58:41,bad,5
2018-07-17 08:58:26,wow so good,2
2021-10-06 01:55:25,bad,3
2022-08-06 15:09:46,3 out of 5 i guess,3
2017-05-29 19:56:18,wow so good,1
2022-04-30 04:36:08,wish it had a easier way to load with money,2
2023-11-10 09:20:39,perfection,5
2022-05-21 10:37:57,"terrible UI, deleted",4
2018-02-20 04:44:45,omg fantastic,4
2019-11-22 14:34:03,not good not bad.. does the job,2
2021-08-02 20:49:56,bad,5
2019-10-03 11:43:56,very bad,3
2022-09-01 18:30:34,amazing app i recommend,3
2020-05-23 14:16:38,dont even install,2
2023-05-25 08:12:41,uauh terrible,1
2020-07-25 19:39:38,cant believe how bad it is,4
2022-04-30 16:48:42,perfect to buy and sell easily,2
2022-05-01 11:39:30,wish it had a easier way to load with money,3
2023-01-20 00:48:02,cant believe how bad it is,3
2020-02-17 14:23:55,"terrible UI, deleted",3
2022-06-06 01:08:09,good,5
2020-12-12 16:02:17,not good not bad.. does the job,2
2022-09-26 15:21:09,"terrible UI, deleted",4
2020-03-06 05:52:04,neutral,5
2023-01-30 11:54:51,GREAT APP,3
2017-07-26 11:09:59,very bad,3
2020-06-10 08:44:13,amazing app i recommend,4
2020-11-17 00:09:56,wish it had a easier way to load with money,5
2018-11-07 00:56:40,good,5
2021-09-19 01:51:33,uauh terrible,5
2020-03-22 21:09:18,bad,3
2017-06-12 01:05:11,dont even install,3
2020-01-26 13:47:17,perfect to buy and sell easily,3
2017-01-13 19:49:45,very bad,4
2017-03-21 09:35:03,"i dont hate it, but i dont love it either..",1
2021-12-13 03:59:33,not good not bad.. does the job,4
2017-05-25 22:24:48,not good not bad.. does the job,3
2020-04-18 06:00:59,cant believe how bad it is,4
2020-06-22 20:52:20,does the job,2
2021-03-03 07:22:05,excellent,2
2022-05-10 02:25:06,neutral,2
2019-12-29 16:08:08,never again using,2
2020-06-04 02:58:47,perfection,4
2023-10-21 00:49:19,bad app,1
2017-12-08 03:55:00,bad app,4
2023-10-11 19:49:48,neutral,1
2023-10-23 03:10:07,cant believe how bad it is,3
2017-07-15 13:54:59,perfection,3
2017-02-23 18:49:27,"i dont hate it, but i dont love it either..",2
2017-09-20 06:51:33,"terrible UI, deleted",5
2017-09-19 14:02:46,good,4
2023-07-15 23:50:26,amazing app i recommend,4
2022-11-28 11:04:53,amazing app i recommend,3
2019-07-01 05:24:34,wow so good,2
2017-06-20 01:39:23,bad app,2
2022-08-22 03:36:00,uauh terrible,5
2018-10-03 10:40:10,amazing app i recommend,2
2020-04-01 12:14:48,wow so good,5
2020-08-10 06:16:17,wish it had a easier way to load with money,3
2023-10-05 19:47:45,very good,4
2022-11-20 21:38:48,wish it had a easier way to load with money,4
2023-02-25 17:15:19,excellent,2
2017-09-25 08:18:44,perfection,4
2021-09-18 03:36:44,never again using,5
2021-10-26 07:31:08,bad,4
2022-06-12 21:17:30,"terrible UI, deleted",1
2022-06-04 23:26:59,perfect to buy and sell easily,1
2020-03-23 21:09:36,bad app,3
2022-10-18 16:53:30,cant believe how bad it is,1
2017-12-22 11:22:39,cant believe how bad it is,5
2017-01-26 00:53:37,never again using,3
2021-07-10 07:46:34,3 out of 5 i guess,2
2017-08-13 01:51:08,amazing app i recommend,4
2020-08-04 12:28:31,perfection,2
2017-12-02 11:39:16,bad,4
2023-04-11 08:08:31,neutral,1
2022-01-01 01:48:57,perfect to buy and sell easily,3
2018-08-12 18:14:21,excellent,2
2023-06-14 09:56:11,GREAT APP,1
2023-09-06 19:01:09,does the job,1
2020-06-20 07:58:46,omg fantastic,3
2023-06-12 05:37:30,omg fantastic,1
2018-09-25 15:58:52,dont even install,3
2019-05-08 17:21:07,never again using,4
2017-01-07 10:01:01,bad,2
2023-07-10 17:52:12,excellent,5
2018-04-28 07:32:38,cant believe how bad it is,5
2022-12-23 16:41:36,does the job,2
2023-02-11 17:45:59,wish it had a easier way to load with money,4
2021-04-04 06:28:17,3 out of 5 i guess,1
2018-01-15 16:57:47,very good,4
2020-12-06 23:46:59,neutral,5
2017-08-24 01:13:16,never again using,3
2019-04-05 07:55:20,bad app,2
2018-12-20 03:12:05,"i dont hate it, but i dont love it either..",3
2018-12-29 07:36:21,amazing app i recommend,4
2022-06-24 22:39:45,uauh terrible,4
2021-08-28 11:59:33,perfect to buy and sell easily,5
2023-03-08 16:14:35,does the job,1
2018-10-26 18:36:15,very bad,4
2023-12-05 10:21:16,cant believe how bad it is,2
2017-07-19 11:59:54,bad app,3
2021-10-07 00:05:34,perfection,2
2023-10-20 22:42:51,uauh terrible,2
2017-12-30 16:27:29,perfection,1
2021-04-07 00:14:47,GREAT APP,5
2017-07-17 06:45:28,very good,3
2018-02-14 18:04:20,bad,2
2021-11-15 16:27:17,does the job,1
2021-10-18 11:08:21,bad,2
2017-05-20 23:04:28,perfection,4
2022-06-16 01:09:55,bad app,1
2017-02-02 10:14:29,not good not bad.. does the job,2
2021-08-11 01:59:47,"i dont hate it, but i dont love it either..",1
2019-10-13 11:31:55,cant believe how bad it is,3
2021-01-03 18:04:32,GREAT APP,5
2023-02-17 18:50:14,dont even install,1
2020-11-24 12:42:59,bad app,4
2018-06-30 06:35:19,very good,3
2017-11-06 15:05:41,very bad,2
2023-05-13 06:43:37,3 out of 5 i guess,3
2022-08-11 04:32:36,never again using,3
2018-09-18 01:08:13,excellent,5
2018-05-10 05:07:53,GREAT APP,4
2020-04-15 22:18:45,very good,5
2021-12-09 08:04:15,omg fantastic,1
2023-08-26 17:48:06,very good,5
2019-01-26 18:03:32,good,4
2019-01-10 11:17:58,uauh terrible,5
2023-12-28 03:16:15,bad,5
2019-10-03 21:01:58,perfection,2
2021-09-04 08:37:01,excellent,3
2022-01-11 09:54:07,not good not bad.. does the job,3
2022-02-02 21:46:33,cant believe how bad it is,5
2021-06-21 19:37:37,neutral,3
2019-01-25 07:57:22,cant believe how bad it is,5
2018-01-14 04:23:17,wish it had a easier way to load with money,4
2018-06-28 08:53:19,bad,4
2019-04-28 15:24:20,neutral,1
2017-09-09 02:32:54,omg fantastic,2
2018-04-27 17:34:37,excellent,4
2017-04-10 09:30:30,wow so good,3
2017-12-17 21:03:36,wow so good,3
2023-07-15 17:40:44,omg fantastic,5
2017-10-07 23:56:10,very good,2
2017-02-06 19:58:54,"terrible UI, deleted",4
2023-08-16 16:56:17,bad app,1
2019-11-04 17:51:49,GREAT APP,1
2022-08-25 14:31:05,cant believe how bad it is,1
2020-03-09 19:27:27,very bad,3
2020-07-02 11:01:46,neutral,2
2019-06-05 05:16:19,cant believe how bad it is,4
2023-03-25 20:59:42,bad,2
2023-09-06 12:51:15,bad,4
2020-05-26 16:33:51,not good not bad.. does the job,3
2019-02-20 04:58:40,neutral,4
2018-09-13 05:17:26,neutral,5
2022-01-05 02:32:22,wow so good,1
2018-08-10 17:36:44,omg fantastic,5
2018-03-15 17:45:17,bad app,1
2018-02-09 02:31:53,bad app,5
2021-07-17 05:54:00,very bad,1
2022-10-01 17:29:23,does the job,1
2023-05-16 01:20:05,good,4
2017-05-30 01:25:19,"i dont hate it, but i dont love it either..",5
2021-02-09 20:01:46,wow so good,3
2021-04-18 15:55:24,perfect to buy and sell easily,5
2019-08-30 19:33:46,wow so good,1
2023-07-12 09:18:31,"terrible UI, deleted",4
2018-11-13 03:36:51,very good,4
2017-06-11 13:15:56,very bad,5
2020-01-02 23:30:53,uauh terrible,4
2017-05-26 17:33:35,"i dont hate it, but i dont love it either..",5
2023-07-10 10:52:28,very good,4
2017-01-27 10:50:56,neutral,5
2019-08-17 19:37:39,3 out of 5 i guess,5
2022-11-12 04:44:37,perfection,4
2017-04-04 13:01:14,not good not bad.. does the job,2
2019-04-17 13:43:34,"i dont hate it, but i dont love it either..",1
2021-10-13 22:06:31,neutral,3
2018-05-20 20:05:43,GREAT APP,4
2023-10-29 21:04:35,bad app,1
2020-11-02 00:56:31,not good not bad.. does the job,5
2017-09-14 07:16:41,omg fantastic,4
2022-09-27 21:30:36,excellent,3
2017-08-17 06:21:54,3 out of 5 i guess,2
2018-06-12 00:55:40,omg fantastic,3
2019-01-06 23:25:32,dont even install,4
2017-03-10 10:36:42,very bad,3
2020-09-27 19:57:14,very bad,1
2018-03-14 19:25:14,never again using,3
2022-09-14 10:29:38,bad,2
2022-04-28 09:04:52,perfect to buy and sell easily,4
2018-01-13 12:47:25,"terrible UI, deleted",2
2023-12-21 03:59:01,not good not bad.. does the job,2
2020-01-02 04:37:29,does the job,4
2020-06-06 03:39:05,very bad,1
2022-03-26 16:17:10,wish it had a easier way to load with money,4
2021-07-28 08:48:38,does the job,4
2018-05-24 14:19:20,GREAT APP,2
2021-05-25 17:30:11,excellent,5
2020-01-26 19:31:19,does the job,4
2017-09-20 00:29:36,dont even install,2
2018-05-08 20:52:49,cant believe how bad it is,3
2021-08-08 14:49:40,good,4
2021-11-23 01:17:15,neutral,5
2019-01-21 21:20:26,"i dont hate it, but i dont love it either..",3
2018-06-05 14:34:09,never again using,3
2022-06-17 01:11:25,neutral,2
2019-03-30 10:31:29,excellent,1
2020-05-28 23:28:01,not good not bad.. does the job,1
2017-11-06 17:24:23,amazing app i recommend,5
2020-05-03 16:04:28,amazing app i recommend,4
2020-04-09 11:50:11,3 out of 5 i guess,4
2018-09-26 05:32:20,"terrible UI, deleted",4
2017-03-26 13:53:25,does the job,1
2018-11-15 02:12:03,perfect to buy and sell easily,5
2020-03-11 22:17:59,dont even install,4
2018-02-12 01:24:11,"terrible UI, deleted",2
2019-01-15 11:43:34,never again using,4
2022-08-15 04:07:43,not good not bad.. does the job,1
2020-05-04 11:08:03,"terrible UI, deleted",1
2018-12-29 16:16:42,good,2
2023-12-27 08:02:24,not good not bad.. does the job,3
2022-08-21 05:57:37,good,1
2023-10-07 15:03:15,uauh terrible,3
2018-08-20 13:41:59,excellent,2
2021-08-01 11:18:14,bad,4
2022-09-01 15:28:58,does the job,2
2021-11-21 11:49:31,bad app,4
2023-01-27 10:37:40,wow so good,2
2020-02-11 07:12:13,wow so good,5
2019-03-15 20:05:49,"i dont hate it, but i dont love it either..",2
2022-08-10 06:20:45,wish it had a easier way to load with money,2
2022-11-30 12:37:02,bad,4
2023-08-21 19:39:42,very good,1
2017-03-21 19:14:24,3 out of 5 i guess,5
2023-05-22 23:22:38,bad,2
2018-04-12 07:09:44,not good not bad.. does the job,3
2023-11-26 05:18:34,bad app,5
2023-09-16 00:55:15,excellent,2
2020-08-05 09:10:34,perfect to buy and sell easily,3
2022-05-22 03:40:09,dont even install,3
2021-10-25 05:05:59,uauh terrible,2
2022-03-12 03:59:22,uauh terrible,2
2021-04-29 20:00:14,bad,1
2021-04-13 02:53:28,"i dont hate it, but i dont love it either..",4
2020-08-21 05:52:34,wow so good,4
2020-02-23 08:38:05,wish it had a easier way to load with money,2
2017-11-29 08:50:23,3 out of 5 i guess,4
2022-09-26 04:50:20,GREAT APP,3
2022-01-12 20:24:36,bad,2
2018-08-30 05:24:17,uauh terrible,1
2020-03-16 10:15:23,neutral,3
2018-10-27 06:38:50,perfection,4
2019-06-26 16:25:53,very good,5
2021-11-17 11:22:22,dont even install,4
2021-03-13 05:58:21,very good,2
2019-01-02 06:43:13,GREAT APP,3
2021-12-08 15:37:44,3 out of 5 i guess,4
2022-11-07 22:59:33,bad,1
2020-05-25 02:00:10,uauh terrible,5
2022-12-10 08:33:49,GREAT APP,1
2021-10-03 02:46:23,amazing app i recommend,2
2021-04-16 19:41:54,cant believe how bad it is,1
2018-10-30 15:59:00,does the job,4
2021-11-01 00:57:13,amazing app i recommend,4
2021-10-01 21:34:30,perfection,3
2020-10-12 19:08:38,excellent,1
2022-08-18 00:17:25,uauh terrible,3
2023-05-06 05:03:02,cant believe how bad it is,2
2018-06-03 00:42:02,bad app,1
2022-10-18 00:58:56,bad,1
2021-07-30 14:47:27,perfection,4
2021-05-20 02:23:54,omg fantastic,2
2018-12-08 03:28:30,neutral,1
2017-01-26 23:52:47,"terrible UI, deleted",2
2017-12-08 04:37:00,bad,5
2022-08-03 06:21:22,never again using,3
2017-05-30 19:37:06,very bad,1
2018-12-26 20:04:42,3 out of 5 i guess,1
2018-07-07 09:43:52,good,3
2018-11-21 14:45:16,perfect to buy and sell easily,5
2020-01-14 13:00:33,amazing app i recommend,4
2017-03-02 03:22:37,bad,1
2021-08-03 14:40:07,very bad,2
2020-04-05 23:01:40,not good not bad.. does the job,4
2020-01-05 05:38:33,never again using,4
2019-06-22 09:02:46,good,5
2023-02-25 05:04:27,amazing app i recommend,3
2021-11-29 09:22:27,dont even install,3
2020-02-27 01:12:00,GREAT APP,5
2020-09-11 06:12:03,3 out of 5 i guess,1
2020-06-27 00:13:48,3 out of 5 i guess,2
2018-03-04 23:26:20,GREAT APP,4
2023-12-22 16:47:58,bad app,2
2017-01-06 15:08:34,not good not bad.. does the job,1
2020-04-04 19:19:38,wish it had a easier way to load with money,3
2019-12-06 06:32:16,never again using,1
2019-05-31 02:13:53,not good not bad.. does the job,3
2022-12-25 12:03:57,very bad,5
2020-08-25 01:19:44,dont even install,4
2023-01-08 02:40:12,does the job,1
2017-05-02 19:32:33,not good not bad.. does the job,3
2023-04-23 17:49:03,wow so good,4
2018-09-08 04:23:21,"i dont hate it, but i dont love it either..",5
2020-12-31 11:09:55,"terrible UI, deleted",1
2017-03-17 15:09:07,wow so good,2
2018-05-31 12:40:05,does the job,2
2020-01-09 17:40:22,uauh terrible,2
2018-12-08 10:14:36,wow so good,2
2020-08-16 00:28:33,very bad,4
2021-05-07 08:58:28,neutral,5
2020-05-24 07:26:07,very good,3
2018-10-15 15:35:58,good,1
2022-07-16 18:07:15,amazing app i recommend,5
2019-03-09 23:52:21,bad app,1
2021-10-08 18:15:40,GREAT APP,2
2019-09-06 19:42:23,wish it had a easier way to load with money,2
2021-03-19 12:15:42,bad app,1
2021-03-21 00:22:11,perfect to buy and sell easily,3
2020-09-04 06:46:59,wow so good,3
2019-08-01 03:47:09,perfect to buy and sell easily,5
2020-06-07 08:20:09,wow so good,5
2022-03-24 04:50:39,cant believe how bad it is,3
2017-07-05 00:42:31,cant believe how bad it is,4
2017-05-21 13:40:27,"terrible UI, deleted",5
2021-01-05 22:35:29,wish it had a easier way to load with money,3
2019-10-14 13:51:16,bad,5
2020-05-29 00:27:08,omg fantastic,2
2017-11-12 10:07:12,excellent,3
2021-06-20 16:48:54,uauh terrible,4
2023-04-19 09:24:11,not good not bad.. does the job,2
2020-10-18 12:27:12,perfect to buy and sell easily,2
2020-12-22 09:13:14,neutral,3
2022-03-29 13:33:59,GREAT APP,3
2023-09-27 12:09:44,good,1
2021-07-28 01:25:36,very good,1
2021-04-14 04:57:37,bad app,1
2018-12-23 12:53:26,3 out of 5 i guess,5
2021-10-17 09:50:09,not good not bad.. does the job,1
2019-08-03 15:37:16,bad,1
2017-04-10 22:21:34,does the job,3
2022-02-25 15:05:05,bad,4
2017-01-08 01:18:41,3 out of 5 i guess,2
2017-11-09 14:46:53,amazing app i recommend,4
2020-11-25 15:09:55,does the job,1
2019-03-21 08:53:49,"terrible UI, deleted",2
2022-10-07 01:09:46,perfect to buy and sell easily,4
2017-12-13 08:34:44,does the job,2
2020-04-11 09:46:32,wow so good,1
2017-03-09 04:46:48,wow so good,1
2018-04-16 22:58:52,amazing app i recommend,5
2020-10-11 13:30:07,perfect to buy and sell easily,5
2017-11-12 14:22:33,good,2
2022-07-18 21:23:20,does the job,4
2023-03-07 17:51:48,perfection,5
2022-02-18 01:36:10,GREAT APP,2
2023-09-19 11:16:41,not good not bad.. does the job,2
2021-02-28 08:05:13,"terrible UI, deleted",3
2019-02-13 03:10:17,dont even install,3
2022-04-06 05:04:19,GREAT APP,4
2022-08-20 18:58:36,amazing app i recommend,2
2021-12-23 10:34:17,bad app,4
2022-11-04 05:42:34,neutral,2
2020-05-11 01:42:15,perfection,1
2023-07-14 13:18:48,very good,4
2018-05-01 15:17:44,amazing app i recommend,4
2021-09-03 20:21:18,GREAT APP,2
2018-07-20 00:24:54,cant believe how bad it is,2
2020-03-16 18:48:04,does the job,2
2020-10-03 03:53:02,cant believe how bad it is,3
2017-05-11 08:06:22,cant believe how bad it is,3
2023-05-29 22:54:00,very good,4
2018-05-27 15:35:43,wish it had a easier way to load with money,3
2018-08-27 13:14:43,does the job,2
2022-05-15 16:53:07,cant believe how bad it is,2
2019-05-04 12:56:33,does the job,5
2023-09-15 18:29:56,wish it had a easier way to load with money,2
2023-11-03 12:22:42,bad,2
2019-05-04 05:53:02,perfection,5
2021-07-26 05:00:14,perfection,4
2020-05-31 10:50:52,wish it had a easier way to load with money,3
2019-01-26 01:26:09,bad app,1
2018-10-18 13:36:11,GREAT APP,1
2019-10-24 02:53:25,amazing app i recommend,2
2019-05-14 18:54:39,not good not bad.. does the job,2
2020-01-30 11:51:10,dont even install,2
2022-11-10 22:32:15,very good,4
2021-11-24 12:11:29,amazing app i recommend,4
2022-07-08 20:46:51,very good,2
2017-09-18 19:20:59,perfect to buy and sell easily,5
2021-02-05 03:42:12,good,2
2019-06-06 04:22:37,GREAT APP,4
2022-09-26 09:34:32,neutral,1
2017-12-29 23:29:00,3 out of 5 i guess,1
2023-01-10 08:49:31,"terrible UI, deleted",1
2021-01-23 20:01:06,"i dont hate it, but i dont love it either..",4
2021-05-30 00:19:07,wish it had a easier way to load with money,5
2023-12-21 06:35:26,dont even install,3
2020-10-14 10:35:07,"i dont hate it, but i dont love it either..",3
2022-02-18 20:06:51,GREAT APP,4
2018-03-27 08:40:41,cant believe how bad it is,3
2022-06-05 20:03:38,amazing app i recommend,3
2017-11-12 16:19:26,wish it had a easier way to load with money,5
2023-05-22 23:45:52,not good not bad.. does the job,1
2023-03-24 09:03:24,neutral,4
2022-09-11 17:27:25,neutral,5
2021-08-19 09:40:07,does the job,4
2020-12-17 13:32:51,excellent,2
2021-08-12 00:50:55,"i dont hate it, but i dont love it either..",2
2023-08-25 01:51:08,does the job,1
2023-06-18 09:30:06,GREAT APP,1
2021-07-27 16:16:05,perfect to buy and sell easily,1
2022-04-04 13:33:28,cant believe how bad it is,2
2021-03-15 21:04:28,good,4
2020-07-25 05:40:08,omg fantastic,4
2018-06-14 22:45:47,"terrible UI, deleted",1
2021-11-01 11:18:15,does the job,3
2022-10-25 15:33:55,not good not bad.. does the job,2
2021-12-10 11:38:42,omg fantastic,4
2020-03-01 23:54:56,amazing app i recommend,3
2023-11-23 04:24:51,very good,1
2021-09-03 17:31:33,perfect to buy and sell easily,4
2019-02-02 07:45:21,3 out of 5 i guess,4
2021-07-11 09:57:30,perfection,3
2019-01-09 21:36:28,amazing app i recommend,3
2018-11-05 18:09:17,perfection,4
2018-07-27 17:51:20,cant believe how bad it is,3
2019-01-26 00:30:41,amazing app i recommend,2
2020-03-12 10:10:47,perfection,2
2019-07-31 06:48:27,3 out of 5 i guess,3
2018-02-16 09:53:03,GREAT APP,2
2020-05-12 18:48:04,bad app,5
2020-05-09 10:24:42,excellent,1
2017-05-06 02:48:17,GREAT APP,2
2017-04-11 17:08:17,dont even install,4
2020-02-22 12:27:59,does the job,5
2020-07-10 07:58:38,uauh terrible,1
2017-12-21 15:41:16,"i dont hate it, but i dont love it either..",4
2018-01-04 09:20:44,perfect to buy and sell easily,4
2022-09-01 15:17:52,GREAT APP,5
2018-01-26 01:52:45,wow so good,4
2019-10-08 09:09:42,wow so good,3
2022-03-03 22:59:18,uauh terrible,5
2023-02-05 15:17:21,perfection,2
2020-09-09 01:19:25,very good,2
2021-01-23 09:41:42,wow so good,5
