timestamp,reviews,rating,sentiment
2018-06-10,hard to tell sometimes good sometimes badnot good not bad.. does the job,4,3
2019-08-25,perfection,5,5
2023-01-28,neutral,2,3
2022-07-02,uauh terrible,4,1
2017-04-21,trash app,3,1
2019-06-18,GREAT APP,2,5
2017-02-26,perfect to buy and sell easily,2,5
2021-05-01,perfection,3,5
2022-11-25,recommend having good phone otherwise will be harddoes the job,3,4
2021-10-14,excellent,5,5
2021-08-30,good,4,4
2023-03-26,2 out of 5dont even install,4,1
2017-09-11,perfect and easy to use,2,5
2017-08-06,"terrible , so slowcant believe how bad it is",3,1
2022-04-21,2 out of 5dont even install,5,1
2021-05-14,bad,3,1
2017-06-12,recommend having good phone otherwise will be harddoes the job,3,4
2021-08-22,bad,2,1
2017-11-09,neutral,3,3
2017-02-23,perfection,2,5
2022-03-19,mediocre,4,2
2017-05-16,omg fantastic,3,5
2017-02-18,perfection,4,5
2018-04-26,uauh terrible,5,1
2020-08-01,wish it had a easier way to load with money,4,3
2019-02-09,very good,4,5
2021-03-27,very good,5,5
2017-11-17,hard to tell sometimes good sometimes badnot good not bad.. does the job,3,3
2023-06-21,amazing app i recommend,4,5
2017-05-21,trash app,3,1
2021-03-05,recommend having good phone otherwise will be harddoes the job,5,4
2023-11-25,bad,4,1
2023-09-16,"terrible UI, deleted",2,1
2023-05-03,"terrible , so slowcant believe how bad it is",1,1
2018-05-03,wow so good,3,5
2022-05-07,recommend having good phone otherwise will be harddoes the job,2,4
2023-10-26,wish it had a easier way to load with money,2,3
2021-03-25,perfect and easy to use,4,5
2020-07-01,"i dont hate it, but i dont love it either..",3,3
2018-10-14,perfect to buy and sell easily,2,5
2020-05-21,wish it had a easier way to load with money,1,3
2023-07-21,excellent,5,5
2021-12-24,"i dont hate it, but i dont love it either..",2,3
2023-01-23,perfection,5,5
2019-06-25,neutral,4,3
2019-01-01,3 out of 5 i guess,2,3
2021-09-01,bad,3,1
2020-11-06,soooo good,4,4
2019-07-29,soooo good,4,4
2021-02-12,soooo good,3,4
2022-01-14,good,1,4
2023-11-15,excellent,3,5
2023-08-03,uauh terrible,3,1
2022-03-19,"terrible , so slowcant believe how bad it is",5,1
2021-03-27,soooo good,1,4
2023-12-30,wow so good,5,5
2020-04-01,3 out of 5 i guess,4,3
2018-08-02,neutral,1,3
2018-02-08,very good,4,5
2021-07-13,hard to tell sometimes good sometimes badnot good not bad.. does the job,3,3
2017-08-18,"cant be that bad, but its not perfectnever again using",3,3
2020-04-13,very good,2,5
2022-06-06,GREAT APP,3,5
2021-12-08,neutral,4,3
2019-05-12,perfect and easy to use,5,5
2018-02-26,very good,2,5
2018-03-03,hard to tell sometimes good sometimes badnot good not bad.. does the job,4,3
2019-12-02,soooo good,5,4
2020-08-15,wow so good,5,5
2023-01-07,wish it had a easier way to load with money,3,3
2021-05-18,wow so good,4,5
2017-08-29,perfect to buy and sell easily,4,5
2019-01-02,very bad,5,1
2023-10-29,wish it had a easier way to load with money,3,3
2017-09-24,bad,1,1
2018-06-03,2 out of 5dont even install,4,1
2019-05-13,omg fantastic,4,5
2017-07-06,very good,5,5
2017-01-09,amazing app i recommend,4,5
2023-01-22,good,4,4
2022-08-20,GREAT APP,5,5
2017-06-08,perfect to buy and sell easily,5,5
2022-05-09,uauh terrible,5,1
2017-11-12,"i dont hate it, but i dont love it either..",4,3
2019-04-05,3 out of 5 i guess,5,3
2022-05-20,wish it had a easier way to load with money,5,3
2019-10-05,wish it had a easier way to load with money,2,3
2023-08-09,bad,2,1
2018-07-14,hard to tell sometimes good sometimes badnot good not bad.. does the job,1,3
2022-05-03,excellent,4,5
2019-03-28,perfection,1,5
2023-02-05,perfect and easy to use,1,5
2019-06-28,"cant be that bad, but its not perfectnever again using",2,3
2021-10-09,"terrible , so slowcant believe how bad it is",3,1
2022-10-14,"cant be that bad, but its not perfectnever again using",4,3
2020-12-25,neutral,1,3
2019-01-27,mediocre,3,2
2018-01-16,recommend having good phone otherwise will be harddoes the job,1,4
2017-09-03,wish it had a easier way to load with money,4,3
2023-12-06,"terrible UI, deleted",4,1
2021-07-03,recommend having good phone otherwise will be harddoes the job,1,4
2017-12-12,bad app,4,1
2023-02-07,mediocre,5,2
2021-04-19,mediocre,3,2
2018-08-13,soooo good,5,4
2018-03-12,wow so good,3,5
2017-08-17,mediocre,4,2
2017-05-22,mediocre,1,2
2022-11-12,perfect to buy and sell easily,2,5
2020-05-19,very good,1,5
2019-10-08,perfect and easy to use,2,5
2023-09-23,perfect to buy and sell easily,4,5
2018-12-19,recommend having good phone otherwise will be harddoes the job,1,4
2021-02-07,omg fantastic,2,5
2017-04-12,perfect and easy to use,4,5
2022-02-25,very bad,5,1
2020-06-22,trash app,2,1
2021-04-23,hard to tell sometimes good sometimes badnot good not bad.. does the job,5,3
2017-10-20,2 out of 5dont even install,3,1
2019-08-29,perfection,2,5
2018-10-17,excellent,4,5
2017-11-15,good,3,4
2018-05-30,good,2,4
2017-04-26,omg fantastic,5,5
2017-10-12,excellent,2,5
2018-07-06,good,2,4
2017-11-04,mediocre,5,2
2023-10-07,3 out of 5 i guess,3,3
2023-06-20,soooo good,2,4
2018-04-20,"cant be that bad, but its not perfectnever again using",1,3
2017-12-13,perfect and easy to use,2,5
2022-06-03,omg fantastic,1,5
2018-04-17,omg fantastic,5,5
2020-06-21,perfect to buy and sell easily,2,5
2023-06-05,bad app,1,1
2022-11-02,"cant be that bad, but its not perfectnever again using",3,3
2017-12-02,perfect to buy and sell easily,4,5
2021-03-13,perfect to buy and sell easily,1,5
2019-07-14,hard to tell sometimes good sometimes badnot good not bad.. does the job,1,3
2019-07-31,3 out of 5 i guess,3,3
2019-05-22,neutral,5,3
2020-06-25,uauh terrible,4,1
2022-06-18,wish it had a easier way to load with money,2,3
2017-08-01,2 out of 5dont even install,5,1
2020-11-22,3 out of 5 i guess,2,3
2018-01-26,3 out of 5 i guess,1,3
2019-12-02,"cant be that bad, but its not perfectnever again using",3,3
2023-08-29,hard to tell sometimes good sometimes badnot good not bad.. does the job,4,3
2022-09-17,excellent,2,5
2018-01-24,omg fantastic,5,5
2020-06-08,"i dont hate it, but i dont love it either..",3,3
2020-04-20,very good,1,5
2021-08-05,recommend having good phone otherwise will be harddoes the job,2,4
2019-01-04,neutral,1,3
2022-10-29,bad app,5,1
2018-03-04,mediocre,4,2
2021-05-17,recommend having good phone otherwise will be harddoes the job,5,4
2019-08-29,mediocre,4,2
2018-11-03,perfect to buy and sell easily,5,5
2022-11-30,very good,1,5
2023-05-29,omg fantastic,5,5
2018-01-16,"i dont hate it, but i dont love it either..",4,3
2022-02-12,excellent,5,5
2021-12-07,good,2,4
2018-10-16,bad,3,1
2022-11-10,perfect and easy to use,1,5
2023-01-21,recommend having good phone otherwise will be harddoes the job,5,4
2023-07-04,trash app,1,1
2017-07-29,bad app,5,1
2019-02-05,good,3,4
2017-06-22,uauh terrible,5,1
2022-02-19,wow so good,2,5
2020-07-13,trash app,1,1
2019-06-30,perfection,1,5
2019-03-27,3 out of 5 i guess,1,3
2023-10-17,good,2,4
2023-09-27,2 out of 5dont even install,1,1
2022-01-05,"terrible UI, deleted",5,1
2023-02-26,hard to tell sometimes good sometimes badnot good not bad.. does the job,1,3
2019-01-04,"i dont hate it, but i dont love it either..",4,3
2018-05-09,bad,2,1
2018-10-20,wow so good,1,5
2020-02-24,very bad,4,1
2020-08-23,trash app,5,1
2022-04-04,bad,4,1
2023-11-16,wow so good,4,5
2020-01-10,neutral,3,3
2017-06-14,GREAT APP,3,5
2022-12-22,very bad,4,1
2020-11-12,soooo good,5,4
2018-08-03,"terrible UI, deleted",4,1
2017-07-10,soooo good,4,4
2022-07-26,"i dont hate it, but i dont love it either..",2,3
2017-02-01,bad,3,1
2023-11-25,"terrible , so slowcant believe how bad it is",3,1
2022-11-20,"terrible UI, deleted",5,1
2018-07-18,GREAT APP,2,5
2018-09-28,2 out of 5dont even install,1,1
2023-10-01,neutral,3,3
2022-07-29,neutral,1,3
2021-12-04,soooo good,4,4
2017-06-10,wow so good,2,5
2023-02-04,soooo good,3,4
2021-09-10,"terrible UI, deleted",2,1
2021-11-01,very bad,4,1
2021-02-16,"cant be that bad, but its not perfectnever again using",1,3
2017-04-03,perfect to buy and sell easily,3,5
2017-07-18,omg fantastic,3,5
2022-05-23,"terrible , so slowcant believe how bad it is",2,1
2019-03-13,wish it had a easier way to load with money,4,3
2021-01-30,very good,5,5
2021-04-01,recommend having good phone otherwise will be harddoes the job,3,4
2023-12-08,"i dont hate it, but i dont love it either..",5,3
2017-08-25,"i dont hate it, but i dont love it either..",5,3
2017-04-29,bad app,3,1
2023-10-31,"terrible UI, deleted",2,1
2023-12-13,very good,3,5
2020-02-18,bad app,2,1
2021-11-11,soooo good,3,4
2020-05-02,"terrible , so slowcant believe how bad it is",2,1
2018-01-10,uauh terrible,5,1
2023-02-12,bad,3,1
2022-12-26,"cant be that bad, but its not perfectnever again using",4,3
2017-09-23,"terrible UI, deleted",4,1
2020-11-02,perfect to buy and sell easily,2,5
2019-01-17,trash app,1,1
2017-09-13,perfection,3,5
2020-07-10,very good,4,5
2021-04-17,wow so good,1,5
2022-06-01,hard to tell sometimes good sometimes badnot good not bad.. does the job,2,3
2017-02-02,amazing app i recommend,2,5
2018-11-27,perfection,4,5
2023-06-01,"i dont hate it, but i dont love it either..",5,3
2023-03-17,good,3,4
2017-07-23,"terrible , so slowcant believe how bad it is",3,1
2019-03-18,bad app,2,1
2017-01-17,very bad,2,1
2017-03-22,bad,5,1
2018-02-24,recommend having good phone otherwise will be harddoes the job,3,4
2020-10-11,wish it had a easier way to load with money,4,3
2017-02-12,perfect and easy to use,1,5
2017-04-17,trash app,2,1
2019-09-27,mediocre,1,2
2020-09-08,GREAT APP,3,5
2023-07-17,"terrible UI, deleted",4,1
2023-07-22,wow so good,1,5
2018-12-23,"i dont hate it, but i dont love it either..",1,3
2023-02-09,mediocre,5,2
2023-03-22,bad app,1,1
2022-11-08,bad app,5,1
2021-03-22,recommend having good phone otherwise will be harddoes the job,4,4
2021-09-14,perfect to buy and sell easily,2,5
2018-10-12,very bad,1,1
2023-06-06,3 out of 5 i guess,2,3
2021-01-21,"i dont hate it, but i dont love it either..",5,3
2017-08-29,excellent,2,5
2019-02-24,soooo good,1,4
2019-12-29,very bad,1,1
2023-12-16,"terrible , so slowcant believe how bad it is",2,1
2020-09-03,excellent,5,5
2018-06-30,perfect and easy to use,1,5
2019-04-07,very good,1,5
2019-01-08,wish it had a easier way to load with money,5,3
2021-08-20,omg fantastic,5,5
2020-01-25,bad app,1,1
2017-01-24,neutral,1,3
2019-03-14,perfection,5,5
2022-05-15,"terrible , so slowcant believe how bad it is",5,1
2018-06-27,"terrible , so slowcant believe how bad it is",4,1
2017-06-28,wish it had a easier way to load with money,5,3
2021-11-23,wish it had a easier way to load with money,4,3
2022-04-21,"terrible UI, deleted",4,1
2021-10-04,good,4,4
2020-06-18,neutral,2,3
2020-08-10,neutral,3,3
2023-04-29,perfection,1,5
2022-05-05,uauh terrible,4,1
2023-09-10,neutral,2,3
2023-10-17,trash app,5,1
2019-11-08,perfect and easy to use,1,5
2021-02-19,amazing app i recommend,3,5
2021-01-21,2 out of 5dont even install,4,1
2019-05-21,"terrible UI, deleted",5,1
2022-01-28,hard to tell sometimes good sometimes badnot good not bad.. does the job,4,3
2019-11-26,mediocre,5,2
2019-01-24,"terrible UI, deleted",4,1
2020-03-02,omg fantastic,2,5
2019-11-08,uauh terrible,2,1
2017-11-01,GREAT APP,2,5
2022-10-09,perfect and easy to use,1,5
2022-11-01,soooo good,2,4
2020-03-26,trash app,1,1
2019-09-02,mediocre,3,2
2023-07-28,omg fantastic,2,5
2018-09-19,soooo good,5,4
2023-07-15,"terrible , so slowcant believe how bad it is",5,1
2021-05-02,amazing app i recommend,1,5
2021-09-09,bad,3,1
2021-04-18,very bad,1,1
2023-03-20,recommend having good phone otherwise will be harddoes the job,1,4
2019-02-27,"i dont hate it, but i dont love it either..",2,3
2023-10-22,bad,5,1
2021-02-20,recommend having good phone otherwise will be harddoes the job,1,4
2022-05-16,perfect to buy and sell easily,5,5
2019-12-12,wow so good,1,5
2018-05-04,3 out of 5 i guess,3,3
2021-04-28,wish it had a easier way to load with money,4,3
2019-08-19,good,3,4
2017-06-11,"terrible , so slowcant believe how bad it is",2,1
2019-12-02,"terrible , so slowcant believe how bad it is",2,1
2020-03-16,trash app,2,1
2021-08-07,very bad,4,1
2021-12-29,amazing app i recommend,4,5
2021-10-26,very good,3,5
2021-08-19,"cant be that bad, but its not perfectnever again using",4,3
2023-11-20,perfection,3,5
2022-03-29,bad,3,1
2017-04-11,3 out of 5 i guess,5,3
2020-12-04,omg fantastic,5,5
2017-09-02,amazing app i recommend,3,5
2019-08-05,mediocre,1,2
2023-11-10,very bad,2,1
2021-01-09,amazing app i recommend,3,5
2023-08-25,very bad,4,1
2021-01-06,wow so good,4,5
2017-05-14,"terrible , so slowcant believe how bad it is",1,1
2018-04-27,amazing app i recommend,2,5
2017-07-06,"i dont hate it, but i dont love it either..",4,3
2017-07-27,"cant be that bad, but its not perfectnever again using",3,3
2017-09-13,mediocre,4,2
2020-03-06,good,1,4
2023-12-18,wish it had a easier way to load with money,4,3
2020-12-07,mediocre,5,2
2020-07-13,GREAT APP,3,5
2017-12-17,neutral,4,3
2021-10-09,wish it had a easier way to load with money,1,3
2019-06-14,mediocre,5,2
2021-07-21,bad app,4,1
2019-11-01,bad app,5,1
2021-12-10,mediocre,4,2
2021-12-16,trash app,2,1
2017-04-15,"terrible , so slowcant believe how bad it is",4,1
2017-02-15,wow so good,5,5
2020-04-21,trash app,3,1
2020-05-09,very good,1,5
2019-03-25,good,5,4
2022-02-01,3 out of 5 i guess,5,3
2021-09-11,neutral,5,3
2017-05-03,"terrible UI, deleted",1,1
2019-06-10,very good,4,5
2023-08-19,trash app,1,1
2017-01-22,uauh terrible,1,1
2022-05-21,recommend having good phone otherwise will be harddoes the job,2,4
2021-08-16,uauh terrible,4,1
2018-03-14,hard to tell sometimes good sometimes badnot good not bad.. does the job,3,3
2022-08-24,hard to tell sometimes good sometimes badnot good not bad.. does the job,1,3
2023-08-21,trash app,1,1
2021-01-16,"terrible , so slowcant believe how bad it is",4,1
2021-03-27,bad app,5,1
2021-11-14,very good,1,5
2017-12-21,very good,3,5
2023-05-04,very good,3,5
2020-10-14,amazing app i recommend,3,5
2017-11-28,wow so good,4,5
2019-03-11,perfect to buy and sell easily,1,5
2017-06-29,GREAT APP,4,5
2022-10-26,"terrible , so slowcant believe how bad it is",3,1
2023-03-11,"cant be that bad, but its not perfectnever again using",3,3
2019-05-15,trash app,4,1
2020-06-23,soooo good,4,4
2017-07-01,perfect and easy to use,4,5
2017-08-15,"cant be that bad, but its not perfectnever again using",5,3
2021-01-16,excellent,5,5
2018-12-28,"terrible UI, deleted",2,1
2018-03-16,good,1,4
2021-07-30,soooo good,3,4
2022-07-04,2 out of 5dont even install,2,1
2017-02-17,mediocre,1,2
2022-04-06,very good,2,5
2020-08-08,wow so good,2,5
2020-05-14,wow so good,1,5
2020-07-22,"terrible UI, deleted",1,1
2022-03-21,very bad,5,1
2019-07-23,very good,4,5
2019-12-11,bad app,5,1
2022-01-17,wish it had a easier way to load with money,5,3
2021-02-20,"terrible , so slowcant believe how bad it is",4,1
2018-01-10,good,5,4
2018-07-28,bad app,1,1
2022-01-29,wish it had a easier way to load with money,5,3
2017-01-01,recommend having good phone otherwise will be harddoes the job,4,4
2017-08-11,mediocre,3,2
2019-07-30,hard to tell sometimes good sometimes badnot good not bad.. does the job,4,3
2018-04-25,perfection,4,5
2021-06-20,very bad,2,1
2021-06-08,excellent,1,5
2023-10-23,bad,4,1
2023-11-05,2 out of 5dont even install,5,1
2022-08-01,2 out of 5dont even install,5,1
2018-10-16,wow so good,2,5
2018-08-03,GREAT APP,3,5
2021-07-09,very bad,1,1
2018-07-08,trash app,3,1
2021-02-22,wish it had a easier way to load with money,4,3
2021-10-01,"terrible , so slowcant believe how bad it is",3,1
2022-11-27,mediocre,3,2
2018-05-20,3 out of 5 i guess,5,3
2019-02-11,amazing app i recommend,3,5
2017-02-08,bad,2,1
2022-09-30,mediocre,3,2
2021-09-29,very good,3,5
2020-09-18,perfection,4,5
2018-02-09,bad app,4,1
2017-04-13,"terrible , so slowcant believe how bad it is",1,1
2021-07-30,omg fantastic,3,5
2019-06-27,"i dont hate it, but i dont love it either..",3,3
2020-11-20,perfect and easy to use,4,5
2018-03-27,"cant be that bad, but its not perfectnever again using",5,3
2021-01-16,very good,1,5
2021-10-24,trash app,3,1
2021-01-24,2 out of 5dont even install,3,1
2019-11-01,wow so good,3,5
2020-03-18,recommend having good phone otherwise will be harddoes the job,1,4
2021-02-18,wish it had a easier way to load with money,3,3
2021-01-01,2 out of 5dont even install,1,1
2019-07-03,omg fantastic,3,5
2019-08-25,uauh terrible,2,1
2022-05-30,"terrible UI, deleted",3,1
2018-04-11,uauh terrible,2,1
2019-05-16,very good,3,5
2018-04-01,amazing app i recommend,4,5
2019-10-12,omg fantastic,1,5
2021-12-07,recommend having good phone otherwise will be harddoes the job,4,4
2023-01-31,recommend having good phone otherwise will be harddoes the job,2,4
2017-07-17,bad,2,1
2019-03-25,recommend having good phone otherwise will be harddoes the job,1,4
2019-08-10,"terrible UI, deleted",3,1
2019-09-13,recommend having good phone otherwise will be harddoes the job,1,4
2023-01-20,uauh terrible,3,1
2018-09-27,GREAT APP,3,5
2019-05-14,bad app,5,1
2022-09-15,recommend having good phone otherwise will be harddoes the job,4,4
2018-02-04,bad,4,1
2020-12-16,soooo good,4,4
2022-09-06,uauh terrible,3,1
2017-09-25,omg fantastic,5,5
2017-12-03,very bad,3,1
2017-12-10,uauh terrible,5,1
2020-08-11,trash app,1,1
2022-10-13,trash app,5,1
2023-12-14,good,5,4
2023-02-24,perfection,1,5
2018-07-30,perfection,1,5
2017-12-27,wish it had a easier way to load with money,5,3
2017-01-18,very good,2,5
2019-05-25,wish it had a easier way to load with money,1,3
2017-05-11,uauh terrible,4,1
2017-02-23,GREAT APP,1,5
2019-12-22,"terrible UI, deleted",4,1
2023-04-15,perfection,2,5
2021-08-03,wish it had a easier way to load with money,2,3
2018-10-09,hard to tell sometimes good sometimes badnot good not bad.. does the job,1,3
2022-10-01,bad app,1,1
2020-12-17,trash app,4,1
2017-11-26,bad app,5,1
2021-09-05,trash app,5,1
2020-11-17,perfect to buy and sell easily,2,5
2021-01-06,2 out of 5dont even install,3,1
2021-10-20,amazing app i recommend,1,5
2019-04-11,hard to tell sometimes good sometimes badnot good not bad.. does the job,1,3
2017-12-03,excellent,1,5
2022-08-12,perfect and easy to use,3,5
2017-06-11,bad app,1,1
2020-03-29,excellent,1,5
2018-03-17,bad app,5,1
2023-03-19,soooo good,4,4
2022-02-24,good,2,4
2022-06-29,"i dont hate it, but i dont love it either..",4,3
2021-02-23,wish it had a easier way to load with money,5,3
2023-09-11,uauh terrible,3,1
2022-03-12,recommend having good phone otherwise will be harddoes the job,5,4
2019-01-27,perfect and easy to use,5,5
2021-07-08,good,5,4
2021-05-25,good,5,4
2022-09-23,amazing app i recommend,1,5
2020-02-12,bad app,1,1
2023-08-17,3 out of 5 i guess,5,3
2021-07-02,excellent,2,5
2023-01-14,trash app,2,1
2021-10-15,"cant be that bad, but its not perfectnever again using",3,3
2020-03-26,soooo good,5,4
2017-10-12,hard to tell sometimes good sometimes badnot good not bad.. does the job,5,3
2023-06-08,perfect to buy and sell easily,2,5
2022-09-13,recommend having good phone otherwise will be harddoes the job,5,4
2020-10-10,bad app,5,1
2022-08-27,hard to tell sometimes good sometimes badnot good not bad.. does the job,5,3
2017-09-09,"cant be that bad, but its not perfectnever again using",5,3
2017-01-15,bad,1,1
2023-11-07,trash app,1,1
2020-04-20,soooo good,5,4
2021-08-10,mediocre,4,2
2018-05-15,soooo good,2,4
2021-02-18,hard to tell sometimes good sometimes badnot good not bad.. does the job,4,3
2019-04-15,amazing app i recommend,1,5
2020-05-27,"terrible UI, deleted",2,1
2023-05-27,mediocre,5,2
2023-12-14,"i dont hate it, but i dont love it either..",2,3
2022-12-03,"i dont hate it, but i dont love it either..",5,3
2017-01-23,GREAT APP,2,5
2023-06-09,trash app,2,1
2019-07-04,omg fantastic,5,5
2022-03-31,uauh terrible,1,1
2023-10-16,"cant be that bad, but its not perfectnever again using",5,3
2023-05-22,perfection,2,5
2019-10-28,perfect and easy to use,1,5
2018-11-15,perfect to buy and sell easily,3,5
2019-01-01,wow so good,5,5
2018-12-02,perfection,2,5
2018-01-30,good,1,4
2020-01-26,recommend having good phone otherwise will be harddoes the job,3,4
2019-01-19,2 out of 5dont even install,2,1
2019-05-14,good,3,4
2017-03-10,very good,1,5
2023-11-20,good,4,4
2021-06-11,amazing app i recommend,5,5
2020-08-25,perfection,4,5
2019-05-31,neutral,1,3
2021-04-01,2 out of 5dont even install,1,1
2021-12-10,GREAT APP,2,5
2021-11-26,"i dont hate it, but i dont love it either..",2,3
2022-12-25,mediocre,1,2
2022-09-24,omg fantastic,1,5
2021-10-06,GREAT APP,2,5
2018-02-24,bad app,4,1
2018-08-15,recommend having good phone otherwise will be harddoes the job,1,4
2023-11-20,very bad,5,1
2020-12-22,"cant be that bad, but its not perfectnever again using",5,3
2023-09-12,perfect and easy to use,3,5
2020-07-31,uauh terrible,5,1
2021-03-30,good,4,4
2022-07-05,trash app,5,1
2021-03-25,"cant be that bad, but its not perfectnever again using",4,3
2018-02-05,"i dont hate it, but i dont love it either..",4,3
2018-04-17,mediocre,2,2
2017-04-04,perfection,5,5
2019-05-18,GREAT APP,5,5
2022-08-15,mediocre,5,2
2018-04-12,omg fantastic,3,5
2018-05-24,soooo good,2,4
2017-06-27,"terrible , so slowcant believe how bad it is",2,1
2023-07-02,neutral,1,3
2017-04-27,recommend having good phone otherwise will be harddoes the job,5,4
2022-12-12,wow so good,4,5
2021-11-06,omg fantastic,4,5
2022-04-20,"terrible UI, deleted",3,1
2021-10-14,"terrible , so slowcant believe how bad it is",1,1
2023-06-29,omg fantastic,2,5
2020-09-20,bad app,4,1
2017-03-13,"i dont hate it, but i dont love it either..",3,3
2019-06-04,perfect and easy to use,2,5
2018-09-15,very good,3,5
2017-01-24,very bad,4,1
2018-07-29,soooo good,3,4
2022-03-02,excellent,3,5
2018-06-08,perfection,4,5
2021-12-29,neutral,3,3
2019-01-30,trash app,3,1
2020-10-05,amazing app i recommend,2,5
2021-09-12,perfection,1,5
2022-10-11,"i dont hate it, but i dont love it either..",1,3
2019-05-06,perfect and easy to use,5,5
2023-01-15,very bad,4,1
2021-08-10,very good,4,5
2021-03-13,omg fantastic,4,5
2018-06-23,mediocre,1,2
2017-08-11,3 out of 5 i guess,1,3
2023-07-23,soooo good,5,4
2017-07-06,soooo good,2,4
2020-02-09,GREAT APP,4,5
2018-08-16,perfect to buy and sell easily,4,5
2018-02-11,recommend having good phone otherwise will be harddoes the job,4,4
2023-02-08,uauh terrible,3,1
2018-02-04,wish it had a easier way to load with money,4,3
2020-05-21,2 out of 5dont even install,2,1
2018-09-04,excellent,2,5
2020-09-28,recommend having good phone otherwise will be harddoes the job,4,4
2019-01-17,bad,4,1
2022-05-31,perfection,3,5
2017-01-19,uauh terrible,2,1
2020-09-20,GREAT APP,4,5
2017-01-12,wish it had a easier way to load with money,4,3
2018-08-03,2 out of 5dont even install,5,1
2021-01-11,good,4,4
2023-09-22,"terrible , so slowcant believe how bad it is",2,1
2023-10-25,soooo good,5,4
2019-06-27,hard to tell sometimes good sometimes badnot good not bad.. does the job,3,3
2023-06-09,"cant be that bad, but its not perfectnever again using",2,3
2018-12-05,uauh terrible,3,1
2023-03-31,omg fantastic,2,5
2022-01-19,perfect and easy to use,1,5
2021-11-03,"terrible , so slowcant believe how bad it is",2,1
2019-09-09,recommend having good phone otherwise will be harddoes the job,2,4
2020-02-21,3 out of 5 i guess,1,3
2021-05-31,very bad,3,1
2017-02-06,excellent,1,5
2020-09-11,3 out of 5 i guess,4,3
2019-08-22,uauh terrible,4,1
2023-03-25,amazing app i recommend,4,5
2023-08-17,very good,2,5
2022-06-09,perfect and easy to use,3,5
2019-11-13,perfect to buy and sell easily,5,5
2021-06-03,soooo good,4,4
2021-10-10,soooo good,4,4
2018-04-18,GREAT APP,5,5
2017-04-13,uauh terrible,2,1
2018-03-05,very bad,4,1
2017-10-17,perfection,2,5
2019-07-01,wow so good,5,5
2023-03-23,hard to tell sometimes good sometimes badnot good not bad.. does the job,3,3
2023-10-22,bad app,5,1
2023-08-21,perfection,4,5
2017-09-06,"terrible UI, deleted",4,1
2017-09-29,GREAT APP,5,5
2019-02-17,wish it had a easier way to load with money,3,3
2019-07-17,amazing app i recommend,5,5
2023-08-17,"terrible , so slowcant believe how bad it is",5,1
2020-03-01,"i dont hate it, but i dont love it either..",2,3
2017-01-10,amazing app i recommend,3,5
2020-10-26,amazing app i recommend,1,5
2017-06-07,hard to tell sometimes good sometimes badnot good not bad.. does the job,5,3
2018-09-30,mediocre,5,2
2020-01-24,mediocre,4,2
2022-10-27,"terrible , so slowcant believe how bad it is",5,1
2022-03-27,omg fantastic,3,5
2022-01-15,omg fantastic,4,5
2020-03-03,"cant be that bad, but its not perfectnever again using",3,3
2019-09-27,neutral,5,3
2020-09-09,hard to tell sometimes good sometimes badnot good not bad.. does the job,4,3
2017-06-07,uauh terrible,3,1
2019-06-22,perfect and easy to use,2,5
2023-06-05,excellent,2,5
2023-04-06,perfection,3,5
2023-10-11,amazing app i recommend,5,5
2020-02-12,2 out of 5dont even install,5,1
2019-09-27,"terrible UI, deleted",3,1
2021-10-03,mediocre,5,2
2022-12-13,bad,1,1
2019-05-30,"terrible , so slowcant believe how bad it is",3,1
2023-11-04,amazing app i recommend,1,5
2023-03-12,amazing app i recommend,5,5
2021-11-09,uauh terrible,1,1
2018-04-26,perfect and easy to use,3,5
2021-12-25,mediocre,5,2
2022-11-21,perfection,2,5
2019-09-22,"i dont hate it, but i dont love it either..",1,3
2022-12-08,perfect and easy to use,4,5
2018-11-08,good,3,4
2021-08-26,3 out of 5 i guess,2,3
2023-05-30,mediocre,3,2
2021-07-22,omg fantastic,4,5
2022-01-03,GREAT APP,2,5
2023-06-08,"terrible , so slowcant believe how bad it is",2,1
2022-07-13,GREAT APP,5,5
2021-03-07,mediocre,5,2
2018-01-22,recommend having good phone otherwise will be harddoes the job,5,4
2018-04-17,"terrible , so slowcant believe how bad it is",3,1
2018-10-10,omg fantastic,4,5
2018-03-16,"i dont hate it, but i dont love it either..",3,3
2019-04-11,"terrible , so slowcant believe how bad it is",1,1
2022-06-25,GREAT APP,2,5
2023-03-20,3 out of 5 i guess,5,3
2021-04-29,2 out of 5dont even install,2,1
2020-05-24,uauh terrible,3,1
2022-09-21,very good,3,5
2018-03-16,"terrible UI, deleted",3,1
2023-09-25,GREAT APP,4,5
2020-10-01,"cant be that bad, but its not perfectnever again using",3,3
2018-10-22,uauh terrible,5,1
2021-02-28,neutral,3,3
2020-04-19,GREAT APP,4,5
2020-11-07,"i dont hate it, but i dont love it either..",3,3
2018-02-06,wish it had a easier way to load with money,3,3
2022-09-08,trash app,4,1
2018-11-28,wish it had a easier way to load with money,3,3
2017-01-09,neutral,3,3
2018-09-19,neutral,4,3
2019-08-06,"terrible UI, deleted",3,1
2020-07-23,neutral,5,3
2020-09-04,"i dont hate it, but i dont love it either..",1,3
2018-01-24,perfect and easy to use,5,5
2020-06-01,"terrible UI, deleted",1,1
2019-12-01,very bad,2,1
2019-05-02,3 out of 5 i guess,4,3
2023-10-17,omg fantastic,1,5
2022-10-19,omg fantastic,2,5
2019-08-26,perfect and easy to use,3,5
2022-09-13,very bad,5,1
2023-08-18,bad app,1,1
2017-07-04,wow so good,5,5
2020-01-06,perfection,5,5
2021-06-08,uauh terrible,1,1
2017-11-05,trash app,2,1
2023-08-26,very good,5,5
2017-08-31,"cant be that bad, but its not perfectnever again using",3,3
2019-10-18,bad,3,1
2023-08-08,trash app,1,1
2017-07-06,omg fantastic,2,5
2017-01-24,trash app,1,1
2023-07-20,wow so good,3,5
2022-04-12,trash app,4,1
2019-10-24,amazing app i recommend,2,5
2022-08-10,trash app,4,1
2022-03-25,"i dont hate it, but i dont love it either..",2,3
2017-01-02,very good,4,5
2020-03-20,bad app,1,1
2022-12-11,perfection,5,5
2022-10-12,wish it had a easier way to load with money,4,3
2019-05-25,perfection,5,5
2018-07-15,3 out of 5 i guess,2,3
2022-12-10,good,5,4
2018-10-23,GREAT APP,5,5
2018-10-03,omg fantastic,4,5
2019-06-08,trash app,5,1
2020-11-05,"terrible , so slowcant believe how bad it is",4,1
2018-07-09,neutral,1,3
2017-08-26,very good,1,5
2017-10-26,GREAT APP,3,5
2018-05-10,wow so good,3,5
2017-03-13,"terrible , so slowcant believe how bad it is",1,1
2020-05-29,soooo good,4,4
2018-01-02,very good,5,5
2021-07-16,uauh terrible,4,1
2021-10-18,hard to tell sometimes good sometimes badnot good not bad.. does the job,4,3
2017-11-17,very good,5,5
2017-11-11,good,3,4
2017-02-07,neutral,4,3
2022-12-10,trash app,3,1
2020-05-10,mediocre,2,2
2019-02-12,perfect to buy and sell easily,3,5
2017-02-15,good,1,4
2023-09-05,perfection,2,5
2018-05-13,3 out of 5 i guess,3,3
2018-09-08,omg fantastic,1,5
2022-07-29,bad app,2,1
2021-11-03,"i dont hate it, but i dont love it either..",1,3
2023-05-11,3 out of 5 i guess,3,3
2020-10-11,very bad,5,1
2018-10-22,3 out of 5 i guess,1,3
2018-11-20,perfect and easy to use,5,5
2018-07-24,3 out of 5 i guess,2,3
2021-02-12,recommend having good phone otherwise will be harddoes the job,1,4
2017-09-07,"cant be that bad, but its not perfectnever again using",4,3
2018-08-12,"cant be that bad, but its not perfectnever again using",2,3
2019-05-11,mediocre,3,2
2018-06-01,"cant be that bad, but its not perfectnever again using",1,3
2023-12-23,3 out of 5 i guess,2,3
2022-02-27,trash app,2,1
2021-09-01,trash app,4,1
2021-04-22,uauh terrible,3,1
2019-04-19,"terrible , so slowcant believe how bad it is",3,1
2019-02-20,wow so good,4,5
2019-03-08,very bad,5,1
2017-05-27,neutral,3,3
2022-07-27,amazing app i recommend,5,5
2018-05-31,"i dont hate it, but i dont love it either..",2,3
2021-02-27,recommend having good phone otherwise will be harddoes the job,5,4
2018-12-09,good,5,4
2022-02-26,perfect and easy to use,1,5
2022-02-14,amazing app i recommend,2,5
2023-03-28,"terrible UI, deleted",4,1
2021-11-03,amazing app i recommend,4,5
2021-12-15,wish it had a easier way to load with money,2,3
2021-07-18,wow so good,3,5
2019-05-06,amazing app i recommend,3,5
2022-06-28,recommend having good phone otherwise will be harddoes the job,3,4
2018-02-23,excellent,3,5
2017-11-03,omg fantastic,1,5
2022-10-31,wish it had a easier way to load with money,1,3
2017-07-01,perfect and easy to use,2,5
2017-04-15,neutral,4,3
2017-08-24,perfection,4,5
2017-08-08,2 out of 5dont even install,3,1
2017-11-20,"terrible , so slowcant believe how bad it is",5,1
2021-02-10,perfect to buy and sell easily,5,5
2020-09-28,amazing app i recommend,4,5
2018-07-07,very good,2,5
2022-08-05,very good,3,5
2022-03-28,"cant be that bad, but its not perfectnever again using",1,3
2023-05-08,soooo good,4,4
2017-11-06,amazing app i recommend,5,5
2018-10-24,recommend having good phone otherwise will be harddoes the job,5,4
2018-01-05,GREAT APP,1,5
2022-05-19,soooo good,2,4
2020-04-02,recommend having good phone otherwise will be harddoes the job,4,4
2018-10-30,perfect and easy to use,2,5
2020-08-22,3 out of 5 i guess,1,3
2021-10-07,excellent,4,5
2019-03-15,neutral,1,3
2019-06-14,uauh terrible,5,1
2019-02-08,2 out of 5dont even install,1,1
2022-03-07,excellent,2,5
2023-05-04,soooo good,2,4
2021-07-14,"terrible UI, deleted",4,1
2023-12-13,mediocre,3,2
2020-05-25,perfection,5,5
2021-08-10,"i dont hate it, but i dont love it either..",3,3
2017-12-20,"terrible UI, deleted",4,1
2020-07-10,perfect and easy to use,3,5
2020-02-04,bad,3,1
2021-05-24,amazing app i recommend,4,5
2021-06-26,"terrible , so slowcant believe how bad it is",1,1
2017-06-10,"terrible UI, deleted",1,1
2022-01-09,"i dont hate it, but i dont love it either..",1,3
2022-01-23,wish it had a easier way to load with money,3,3
2023-05-14,uauh terrible,3,1
2023-07-10,bad app,5,1
2023-02-14,perfection,5,5
2021-09-03,wish it had a easier way to load with money,5,3
2017-03-04,bad,2,1
2020-11-26,"cant be that bad, but its not perfectnever again using",1,3
2017-08-07,perfection,2,5
2019-06-30,GREAT APP,3,5
2023-08-06,excellent,3,5
2020-08-27,2 out of 5dont even install,4,1
2017-05-07,very good,5,5
2020-08-10,bad app,3,1
2018-04-15,"cant be that bad, but its not perfectnever again using",1,3
2019-10-01,very bad,4,1
2018-04-07,good,5,4
2019-12-17,excellent,2,5
2021-07-27,GREAT APP,2,5
2019-04-09,very bad,2,1
2017-04-24,amazing app i recommend,1,5
2018-09-19,perfection,5,5
2017-06-21,uauh terrible,4,1
2022-12-28,mediocre,3,2
2021-12-17,GREAT APP,1,5
2023-12-06,"cant be that bad, but its not perfectnever again using",4,3
2017-08-23,"i dont hate it, but i dont love it either..",5,3
2017-06-06,mediocre,3,2
2022-08-20,perfect to buy and sell easily,4,5
2018-01-12,bad app,4,1
2019-06-06,excellent,1,5
2023-02-02,"terrible UI, deleted",3,1
2022-02-13,"cant be that bad, but its not perfectnever again using",4,3
2021-12-13,GREAT APP,4,5
2020-06-12,perfection,1,5
2018-11-01,soooo good,5,4
2020-06-14,bad app,1,1
2018-08-20,uauh terrible,3,1
2017-07-11,wow so good,5,5
2017-11-25,mediocre,2,2
2019-09-20,bad app,1,1
2019-02-14,bad app,4,1
2022-02-22,GREAT APP,5,5
2022-06-20,"cant be that bad, but its not perfectnever again using",4,3
2018-12-08,wow so good,4,5
2018-03-08,perfect and easy to use,1,5
2022-09-11,neutral,3,3
2023-08-26,wow so good,2,5
2019-01-16,GREAT APP,2,5
2017-03-21,wow so good,5,5
2019-08-02,soooo good,2,4
2020-05-04,mediocre,2,2
2023-07-15,"terrible UI, deleted",1,1
2021-10-22,amazing app i recommend,1,5
2019-10-21,recommend having good phone otherwise will be harddoes the job,2,4
2023-11-25,hard to tell sometimes good sometimes badnot good not bad.. does the job,2,3
2017-03-24,perfect and easy to use,1,5
2020-10-03,omg fantastic,4,5
2019-11-20,perfect to buy and sell easily,3,5
2023-03-12,mediocre,3,2
2019-10-29,bad app,5,1
2020-11-21,good,5,4
2022-05-10,wow so good,1,5
2019-05-19,good,4,4
2018-01-31,bad app,1,1
2019-01-31,very good,3,5
2017-08-06,mediocre,5,2
2017-08-30,neutral,4,3
2020-10-14,recommend having good phone otherwise will be harddoes the job,5,4
2023-12-05,hard to tell sometimes good sometimes badnot good not bad.. does the job,5,3
2019-05-17,2 out of 5dont even install,4,1
2023-08-18,excellent,5,5
2017-05-25,amazing app i recommend,3,5
2020-05-26,perfect to buy and sell easily,5,5
2019-08-08,uauh terrible,5,1
2023-08-29,good,3,4
2018-02-14,neutral,5,3
2017-10-29,bad,5,1
2019-11-17,very good,4,5
2022-09-12,excellent,4,5
2018-11-13,recommend having good phone otherwise will be harddoes the job,2,4
2021-12-24,2 out of 5dont even install,1,1
2017-01-19,soooo good,3,4
2021-04-21,very bad,1,1
2023-09-26,"i dont hate it, but i dont love it either..",5,3
2020-12-12,trash app,1,1
2023-04-15,uauh terrible,1,1
2018-08-19,3 out of 5 i guess,3,3
2018-07-25,trash app,5,1
2021-07-12,2 out of 5dont even install,5,1
2023-01-20,soooo good,3,4
2022-02-20,mediocre,3,2
2018-01-16,excellent,3,5
2017-12-02,"terrible , so slowcant believe how bad it is",5,1
2018-07-22,3 out of 5 i guess,5,3
2021-06-13,"cant be that bad, but its not perfectnever again using",3,3
2022-01-27,very good,4,5
2023-11-25,"terrible UI, deleted",5,1
2021-01-29,bad,5,1
2022-12-23,good,3,4
2022-07-22,neutral,5,3
2021-12-21,"i dont hate it, but i dont love it either..",3,3
2023-11-10,"i dont hate it, but i dont love it either..",5,3
2023-05-22,"cant be that bad, but its not perfectnever again using",2,3
2023-12-05,good,5,4
2022-06-21,bad,5,1
2019-08-18,perfection,4,5
2018-05-08,"i dont hate it, but i dont love it either..",5,3
2019-04-08,bad,3,1
2018-11-08,GREAT APP,4,5
2019-08-02,hard to tell sometimes good sometimes badnot good not bad.. does the job,4,3
2021-07-06,recommend having good phone otherwise will be harddoes the job,1,4
2018-12-30,good,3,4
2021-03-09,perfection,3,5
2018-03-08,uauh terrible,4,1
2022-02-10,2 out of 5dont even install,3,1
2017-08-16,hard to tell sometimes good sometimes badnot good not bad.. does the job,2,3
2021-08-19,soooo good,2,4
2022-12-10,"terrible UI, deleted",5,1
2017-10-01,very bad,3,1
2023-08-23,recommend having good phone otherwise will be harddoes the job,2,4
2020-05-29,very good,1,5
2018-06-09,trash app,4,1
2017-10-03,bad app,5,1
2023-12-21,wish it had a easier way to load with money,3,3
2023-10-11,perfect to buy and sell easily,1,5
2018-02-19,"cant be that bad, but its not perfectnever again using",2,3
2019-04-15,excellent,1,5
2017-09-11,excellent,4,5
2021-07-20,"terrible , so slowcant believe how bad it is",5,1
2023-07-24,omg fantastic,3,5
2019-11-17,perfect and easy to use,4,5
2020-07-30,perfect and easy to use,3,5
2018-04-19,"cant be that bad, but its not perfectnever again using",2,3
2019-12-18,hard to tell sometimes good sometimes badnot good not bad.. does the job,3,3
2018-10-27,2 out of 5dont even install,5,1
2018-07-12,perfection,5,5
2019-07-23,"cant be that bad, but its not perfectnever again using",1,3
2017-06-01,amazing app i recommend,3,5
2017-06-25,"i dont hate it, but i dont love it either..",4,3
2019-10-12,bad app,3,1
2017-12-07,neutral,3,3
2017-12-17,soooo good,1,4
2017-05-22,GREAT APP,2,5
2019-05-27,recommend having good phone otherwise will be harddoes the job,4,4
2020-05-29,perfect to buy and sell easily,4,5
2018-07-03,2 out of 5dont even install,1,1
2019-09-02,"terrible UI, deleted",3,1
2017-05-22,hard to tell sometimes good sometimes badnot good not bad.. does the job,3,3
2022-10-16,bad app,4,1
2020-03-09,perfect and easy to use,1,5
2023-10-03,2 out of 5dont even install,1,1
2021-07-09,very good,3,5
2018-08-10,recommend having good phone otherwise will be harddoes the job,4,4
2022-05-06,good,2,4
2021-05-14,perfection,2,5
2019-09-27,recommend having good phone otherwise will be harddoes the job,5,4
2017-11-17,uauh terrible,1,1
2022-12-09,wow so good,1,5
2018-06-13,excellent,5,5
2020-08-12,very bad,4,1
2022-06-22,bad,5,1
2020-12-27,wish it had a easier way to load with money,4,3
2017-06-13,perfect and easy to use,1,5
2021-10-13,"terrible UI, deleted",1,1
2021-07-26,excellent,4,5
2022-03-10,trash app,4,1
2017-04-23,amazing app i recommend,3,5
2017-07-28,recommend having good phone otherwise will be harddoes the job,5,4
2017-07-28,very good,4,5
2019-07-18,"i dont hate it, but i dont love it either..",1,3
2019-12-22,bad,2,1
2017-12-22,bad app,4,1
2021-12-21,mediocre,5,2
2017-06-26,very good,4,5
2018-09-25,wish it had a easier way to load with money,1,3
2017-04-10,soooo good,2,4
2020-06-19,wish it had a easier way to load with money,3,3
2021-02-11,soooo good,3,4
2018-01-28,GREAT APP,2,5
2017-03-26,very bad,2,1
2017-05-10,very good,3,5
2017-01-27,2 out of 5dont even install,4,1
2021-11-24,trash app,4,1
2019-05-21,excellent,3,5
2019-06-09,wish it had a easier way to load with money,4,3
2021-01-04,amazing app i recommend,2,5
2018-10-20,recommend having good phone otherwise will be harddoes the job,4,4
2018-03-06,perfection,4,5
2017-09-22,trash app,1,1
2017-11-11,omg fantastic,4,5
2021-05-09,hard to tell sometimes good sometimes badnot good not bad.. does the job,5,3
2021-04-01,"terrible UI, deleted",1,1
2017-07-29,recommend having good phone otherwise will be harddoes the job,5,4
2019-11-29,2 out of 5dont even install,2,1
2018-07-29,perfect to buy and sell easily,3,5
2018-03-22,bad,1,1
2018-04-13,neutral,1,3
2017-05-05,3 out of 5 i guess,3,3
2018-01-08,3 out of 5 i guess,5,3
2022-02-15,wish it had a easier way to load with money,1,3
2018-08-04,wow so good,3,5
2017-03-19,wow so good,4,5
2020-08-24,perfection,1,5
2018-10-25,amazing app i recommend,2,5
2017-11-07,bad,3,1
2021-01-17,perfection,2,5
2022-10-12,very good,1,5
2022-01-13,amazing app i recommend,1,5
2018-06-06,"terrible , so slowcant believe how bad it is",1,1
2022-03-04,"terrible , so slowcant believe how bad it is",1,1
2019-04-12,omg fantastic,4,5
2023-12-07,bad,5,1
2020-07-19,bad app,1,1
2020-02-28,perfect and easy to use,3,5
2017-09-14,GREAT APP,4,5
2017-05-03,hard to tell sometimes good sometimes badnot good not bad.. does the job,2,3
2017-10-21,recommend having good phone otherwise will be harddoes the job,5,4
2018-08-26,soooo good,2,4
2017-03-19,perfect to buy and sell easily,1,5
2021-12-26,perfection,2,5
2022-11-08,"cant be that bad, but its not perfectnever again using",4,3
2019-10-16,"terrible UI, deleted",4,1
2022-09-29,uauh terrible,2,1
2018-03-19,wish it had a easier way to load with money,2,3
2019-11-19,"terrible , so slowcant believe how bad it is",5,1
2020-04-01,perfect and easy to use,4,5
2019-09-13,bad app,3,1
2018-09-29,"i dont hate it, but i dont love it either..",5,3
2020-03-22,amazing app i recommend,3,5
2022-04-11,bad app,4,1
2019-12-29,"i dont hate it, but i dont love it either..",4,3
2018-05-07,uauh terrible,1,1
2021-09-15,2 out of 5dont even install,1,1
2018-07-30,neutral,1,3
2023-02-01,perfection,3,5
2023-01-01,wow so good,1,5
2020-02-20,perfection,3,5
2018-03-04,good,5,4
2018-05-08,perfect and easy to use,1,5
2017-10-25,mediocre,3,2
2020-10-17,3 out of 5 i guess,3,3
2019-09-04,very bad,4,1
2021-08-08,wow so good,5,5
2020-11-29,"cant be that bad, but its not perfectnever again using",1,3
2022-02-03,bad app,1,1
2022-02-08,GREAT APP,2,5
2017-05-20,mediocre,1,2
2019-05-03,hard to tell sometimes good sometimes badnot good not bad.. does the job,5,3
2017-04-12,wish it had a easier way to load with money,3,3
2021-05-16,"terrible , so slowcant believe how bad it is",4,1
2021-04-02,very good,2,5
2022-12-01,mediocre,2,2
2019-06-06,omg fantastic,1,5
2017-06-22,mediocre,3,2
2021-03-07,very bad,1,1
2018-09-23,3 out of 5 i guess,1,3
2021-02-21,perfect to buy and sell easily,4,5
2021-04-25,3 out of 5 i guess,2,3
2019-07-03,2 out of 5dont even install,1,1
2023-01-29,3 out of 5 i guess,3,3
2022-02-20,perfect and easy to use,4,5
2020-08-29,omg fantastic,1,5
2023-06-29,"terrible UI, deleted",3,1
2023-03-15,"terrible , so slowcant believe how bad it is",3,1
2019-12-13,very good,4,5
2017-07-05,good,3,4
2021-12-05,amazing app i recommend,5,5
2019-04-12,wow so good,3,5
2017-12-19,wow so good,1,5
2017-11-04,perfect to buy and sell easily,2,5
2021-06-29,wish it had a easier way to load with money,4,3
2019-05-23,GREAT APP,5,5
2017-04-06,wish it had a easier way to load with money,2,3
2019-12-22,omg fantastic,4,5
2022-02-20,"cant be that bad, but its not perfectnever again using",4,3
2017-12-01,recommend having good phone otherwise will be harddoes the job,4,4
2021-10-23,very good,4,5
2017-08-21,perfect to buy and sell easily,5,5
2022-01-16,"cant be that bad, but its not perfectnever again using",5,3
2021-02-15,3 out of 5 i guess,4,3
2018-01-29,hard to tell sometimes good sometimes badnot good not bad.. does the job,3,3
2023-09-17,very bad,5,1
2018-11-08,perfect and easy to use,2,5
2021-12-17,recommend having good phone otherwise will be harddoes the job,2,4
2019-07-24,"cant be that bad, but its not perfectnever again using",2,3
2021-04-07,bad,3,1
2021-12-12,omg fantastic,5,5
2023-08-21,perfection,1,5
2020-07-12,"i dont hate it, but i dont love it either..",1,3
2017-04-21,very bad,2,1
2019-06-20,"cant be that bad, but its not perfectnever again using",5,3
2018-01-12,very good,4,5
2019-07-22,perfection,1,5
2020-06-30,neutral,2,3
2017-01-23,2 out of 5dont even install,3,1
2017-03-31,3 out of 5 i guess,2,3
2023-05-13,very bad,3,1
2023-01-09,omg fantastic,2,5
2023-01-07,omg fantastic,4,5
2018-04-16,wish it had a easier way to load with money,3,3
2017-04-05,very good,4,5
2023-05-28,perfection,3,5
2018-11-08,"terrible , so slowcant believe how bad it is",4,1
2018-08-26,bad,2,1
2021-12-23,mediocre,1,2
2017-01-16,"terrible UI, deleted",1,1
2019-07-24,"terrible UI, deleted",2,1
2019-07-17,"terrible UI, deleted",2,1
2018-01-15,neutral,1,3
2022-04-02,bad app,2,1
2018-04-15,very good,2,5
2018-07-13,excellent,5,5
2018-01-07,GREAT APP,1,5
2017-12-16,very bad,5,1
2022-07-25,bad,3,1
2019-04-19,soooo good,1,4
2022-01-31,perfect and easy to use,5,5
2022-12-26,wow so good,3,5
2022-09-25,perfect and easy to use,4,5
2020-10-26,recommend having good phone otherwise will be harddoes the job,2,4
2017-08-25,"cant be that bad, but its not perfectnever again using",3,3
2021-07-11,wow so good,2,5
2020-02-24,uauh terrible,4,1
2017-05-01,very bad,3,1
2021-03-20,very good,1,5
2020-06-18,"cant be that bad, but its not perfectnever again using",4,3
2023-02-11,perfect and easy to use,5,5
2022-01-05,"terrible , so slowcant believe how bad it is",5,1
2022-09-04,trash app,2,1
2018-12-29,perfection,5,5
2022-12-02,2 out of 5dont even install,3,1
2017-09-24,perfect and easy to use,3,5
2020-04-13,bad app,1,1
2019-09-15,perfect and easy to use,5,5
2021-05-18,trash app,2,1
2017-02-23,"i dont hate it, but i dont love it either..",1,3
2023-10-20,very good,3,5
2018-02-02,hard to tell sometimes good sometimes badnot good not bad.. does the job,3,3
2019-10-19,"terrible UI, deleted",1,1
2021-10-21,recommend having good phone otherwise will be harddoes the job,3,4
2021-07-27,good,2,4
2017-06-13,neutral,5,3
2021-07-31,mediocre,4,2
2023-09-26,"cant be that bad, but its not perfectnever again using",5,3
2022-03-04,bad,3,1
2023-01-29,3 out of 5 i guess,4,3
2023-12-19,"i dont hate it, but i dont love it either..",2,3
2018-01-19,excellent,1,5
2017-07-16,perfection,5,5
2021-03-14,mediocre,3,2
2023-05-02,bad app,1,1
2017-03-30,amazing app i recommend,5,5
2021-07-18,wow so good,4,5
2020-07-26,"terrible , so slowcant believe how bad it is",1,1
2022-12-03,perfect and easy to use,5,5
2022-12-17,wow so good,1,5
2021-09-04,very bad,2,1
2017-04-13,excellent,2,5
2019-01-10,mediocre,5,2
2017-10-03,hard to tell sometimes good sometimes badnot good not bad.. does the job,2,3
2023-04-17,excellent,2,5
2018-07-24,"terrible , so slowcant believe how bad it is",2,1
2021-03-01,GREAT APP,5,5
2018-04-30,good,4,4
2017-03-17,hard to tell sometimes good sometimes badnot good not bad.. does the job,2,3
2023-10-15,mediocre,5,2
2018-05-24,uauh terrible,3,1
2023-03-15,recommend having good phone otherwise will be harddoes the job,2,4
2020-01-14,neutral,4,3
2021-05-01,very bad,1,1
2017-08-22,3 out of 5 i guess,2,3
2022-08-04,uauh terrible,3,1
2020-02-26,trash app,5,1
2017-01-17,good,1,4
2020-11-01,"terrible , so slowcant believe how bad it is",4,1
2021-04-17,"terrible , so slowcant believe how bad it is",4,1
2022-10-19,GREAT APP,4,5
2019-10-14,very good,3,5
2018-01-04,bad app,5,1
2019-11-22,bad app,5,1
2017-03-04,wish it had a easier way to load with money,4,3
2021-07-29,good,2,4
2019-09-04,hard to tell sometimes good sometimes badnot good not bad.. does the job,4,3
2022-12-07,"i dont hate it, but i dont love it either..",1,3
2019-11-07,2 out of 5dont even install,5,1
2023-11-08,excellent,4,5
2022-07-07,mediocre,5,2
2020-08-10,perfection,4,5
2018-12-22,"i dont hate it, but i dont love it either..",3,3
2023-08-03,bad,5,1
2017-11-05,3 out of 5 i guess,5,3
2020-11-28,perfect to buy and sell easily,4,5
2018-08-11,bad,4,1
2019-08-19,very good,1,5
2023-07-04,wow so good,1,5
2021-02-28,"terrible , so slowcant believe how bad it is",3,1
2019-05-16,"i dont hate it, but i dont love it either..",1,3
2019-11-25,omg fantastic,3,5
2023-08-01,bad app,2,1
2022-08-20,wow so good,5,5
2022-05-24,very good,5,5
2021-05-03,very good,5,5
2022-08-22,wow so good,2,5
2023-10-21,mediocre,1,2
2021-09-30,3 out of 5 i guess,5,3
2017-09-27,perfect to buy and sell easily,3,5
2020-03-15,"terrible UI, deleted",2,1
2023-05-28,mediocre,3,2
2017-08-01,uauh terrible,3,1
2020-05-30,GREAT APP,1,5
2022-02-12,trash app,3,1
2017-08-27,perfection,2,5
2017-03-02,2 out of 5dont even install,5,1
2018-07-23,uauh terrible,1,1
2019-08-28,"i dont hate it, but i dont love it either..",4,3
2019-03-23,perfection,2,5
2018-06-04,recommend having good phone otherwise will be harddoes the job,4,4
2020-08-16,"terrible UI, deleted",1,1
2017-03-29,good,2,4
2018-12-29,"terrible UI, deleted",1,1
2017-11-16,"terrible , so slowcant believe how bad it is",2,1
2021-08-23,very bad,4,1
2018-01-15,very good,3,5
2021-01-14,bad,2,1
2021-07-10,recommend having good phone otherwise will be harddoes the job,3,4
2020-12-31,uauh terrible,5,1
2020-04-30,perfection,3,5
2023-11-07,perfection,1,5
2018-12-16,recommend having good phone otherwise will be harddoes the job,1,4
2019-08-12,GREAT APP,4,5
2020-07-22,2 out of 5dont even install,5,1
2017-10-18,very bad,4,1
2020-09-05,hard to tell sometimes good sometimes badnot good not bad.. does the job,5,3
2020-05-11,wish it had a easier way to load with money,1,3
2019-07-13,"i dont hate it, but i dont love it either..",5,3
2018-03-21,very good,3,5
2022-05-05,neutral,4,3
2022-11-19,2 out of 5dont even install,4,1
2021-01-14,amazing app i recommend,1,5
2019-11-19,amazing app i recommend,4,5
2022-09-30,omg fantastic,2,5
2021-05-11,"terrible UI, deleted",3,1
2021-12-13,excellent,3,5
2020-12-24,omg fantastic,3,5
2023-01-16,"terrible UI, deleted",3,1
2022-12-03,"terrible , so slowcant believe how bad it is",3,1
2017-03-24,amazing app i recommend,5,5
2023-11-12,wow so good,1,5
2017-12-06,"terrible , so slowcant believe how bad it is",2,1
2022-10-02,neutral,2,3
2020-12-11,mediocre,3,2
2021-06-16,uauh terrible,2,1
2021-07-13,"terrible UI, deleted",5,1
2019-08-10,perfect to buy and sell easily,3,5
2020-07-16,"cant be that bad, but its not perfectnever again using",2,3
2018-08-01,trash app,5,1
2022-10-13,good,2,4
2018-08-16,mediocre,1,2
2023-10-20,"terrible , so slowcant believe how bad it is",5,1
2021-08-06,"i dont hate it, but i dont love it either..",4,3
2022-01-29,hard to tell sometimes good sometimes badnot good not bad.. does the job,3,3
2022-07-31,very good,4,5
2021-10-05,amazing app i recommend,5,5
2017-09-10,perfection,3,5
2017-05-12,very bad,2,1
2021-01-01,"cant be that bad, but its not perfectnever again using",3,3
2018-09-27,omg fantastic,2,5
2017-04-08,GREAT APP,4,5
2018-10-08,soooo good,2,4
2022-12-05,"i dont hate it, but i dont love it either..",5,3
2019-07-01,omg fantastic,4,5
2019-09-23,"terrible UI, deleted",2,1
2018-07-17,perfection,5,5
2018-02-10,2 out of 5dont even install,3,1
2023-01-03,perfection,1,5
2022-04-01,"cant be that bad, but its not perfectnever again using",1,3
2023-04-30,"terrible , so slowcant believe how bad it is",2,1
2017-10-01,"cant be that bad, but its not perfectnever again using",4,3
2019-02-04,bad,5,1
2018-08-04,3 out of 5 i guess,2,3
2020-04-10,bad app,2,1
2020-04-30,perfection,2,5
2018-04-16,bad,3,1
2018-04-29,wish it had a easier way to load with money,5,3
2020-09-04,mediocre,1,2
2019-03-10,very good,5,5
2023-05-21,soooo good,3,4
2020-01-05,recommend having good phone otherwise will be harddoes the job,4,4
2023-08-03,"cant be that bad, but its not perfectnever again using",5,3
2018-03-06,recommend having good phone otherwise will be harddoes the job,5,4
2017-11-17,excellent,5,5
2023-07-25,excellent,3,5
2018-12-30,amazing app i recommend,2,5
2021-12-15,soooo good,5,4
2021-01-06,good,2,4
2023-07-27,"cant be that bad, but its not perfectnever again using",1,3
2020-03-21,bad app,2,1
2017-01-23,perfection,4,5
2023-12-28,mediocre,4,2
2020-02-23,hard to tell sometimes good sometimes badnot good not bad.. does the job,3,3
2022-12-04,excellent,3,5
2019-08-08,good,4,4
2020-04-03,perfect and easy to use,4,5
2018-10-05,trash app,4,1
2022-08-22,uauh terrible,5,1
2022-09-04,GREAT APP,3,5
2019-12-30,bad,4,1
2022-01-04,perfect to buy and sell easily,4,5
2020-06-03,bad,4,1
2020-05-23,good,2,4
2019-03-30,"terrible UI, deleted",1,1
2017-03-22,excellent,5,5
2019-10-04,very bad,1,1
2020-01-20,recommend having good phone otherwise will be harddoes the job,3,4
2021-05-23,perfect to buy and sell easily,2,5
2019-11-30,hard to tell sometimes good sometimes badnot good not bad.. does the job,5,3
2018-12-16,soooo good,2,4
2017-05-19,good,1,4
2020-04-09,uauh terrible,2,1
2017-07-13,neutral,5,3
2022-05-13,"cant be that bad, but its not perfectnever again using",3,3
2021-06-19,trash app,3,1
2021-11-28,uauh terrible,3,1
2017-08-13,neutral,4,3
2021-06-21,"terrible , so slowcant believe how bad it is",1,1
2020-09-08,"cant be that bad, but its not perfectnever again using",5,3
2019-11-28,perfect and easy to use,1,5
2017-12-08,bad app,5,1
2018-07-12,"terrible UI, deleted",5,1
2018-02-02,bad,1,1
2018-08-03,amazing app i recommend,4,5
2018-04-18,bad app,2,1
2023-11-15,hard to tell sometimes good sometimes badnot good not bad.. does the job,4,3
2018-12-21,excellent,1,5
2020-04-28,3 out of 5 i guess,2,3
2018-05-25,very good,5,5
2020-09-04,bad,3,1
2018-04-07,uauh terrible,2,1
2023-06-02,bad app,4,1
2019-02-12,perfect to buy and sell easily,4,5
2021-08-04,wish it had a easier way to load with money,4,3
2020-10-11,hard to tell sometimes good sometimes badnot good not bad.. does the job,2,3
2020-06-29,2 out of 5dont even install,2,1
2018-11-23,wish it had a easier way to load with money,1,3
2022-02-19,"terrible , so slowcant believe how bad it is",4,1
2017-04-26,soooo good,2,4
2022-08-28,bad,1,1
2019-02-07,very good,5,5
2017-11-02,perfection,3,5
2021-06-03,very good,5,5
2017-12-15,"terrible , so slowcant believe how bad it is",2,1
2019-12-09,omg fantastic,4,5
2019-01-12,amazing app i recommend,1,5
2018-09-22,2 out of 5dont even install,1,1
2022-01-10,perfect and easy to use,3,5
2023-03-08,mediocre,3,2
2020-05-28,mediocre,1,2
2018-09-03,uauh terrible,3,1
2020-10-02,neutral,4,3
2022-02-14,omg fantastic,3,5
2020-08-31,"terrible UI, deleted",3,1
2021-09-29,very good,3,5
2020-12-12,perfect and easy to use,4,5
2019-09-28,wow so good,4,5
2023-09-25,very bad,2,1
2019-07-14,3 out of 5 i guess,3,3
2017-07-18,neutral,1,3
2021-12-29,hard to tell sometimes good sometimes badnot good not bad.. does the job,5,3
2022-04-11,amazing app i recommend,1,5
2020-07-25,uauh terrible,1,1
2022-04-23,good,1,4
2021-09-08,GREAT APP,3,5
2018-04-20,wow so good,4,5
2017-02-05,"terrible , so slowcant believe how bad it is",2,1
2020-01-08,perfect and easy to use,2,5
2019-03-22,excellent,5,5
2022-09-15,good,1,4
2022-06-09,"cant be that bad, but its not perfectnever again using",2,3
2023-03-24,"cant be that bad, but its not perfectnever again using",4,3
2023-01-14,recommend having good phone otherwise will be harddoes the job,1,4
2019-04-14,"terrible , so slowcant believe how bad it is",2,1
2023-08-28,excellent,5,5
2022-05-31,uauh terrible,2,1
2022-02-18,uauh terrible,3,1
2019-07-10,perfect and easy to use,1,5
2018-02-15,soooo good,5,4
2020-08-16,bad,2,1
2017-07-04,wish it had a easier way to load with money,5,3
2018-10-22,neutral,4,3
2021-09-13,"terrible UI, deleted",2,1
2018-02-19,amazing app i recommend,3,5
2017-03-26,perfect to buy and sell easily,4,5
2020-06-04,perfection,1,5
2023-05-12,hard to tell sometimes good sometimes badnot good not bad.. does the job,4,3
2017-06-25,hard to tell sometimes good sometimes badnot good not bad.. does the job,2,3
2023-03-26,"cant be that bad, but its not perfectnever again using",3,3
2019-11-02,excellent,1,5
2019-03-04,perfection,3,5
2021-10-20,"i dont hate it, but i dont love it either..",3,3
2018-03-24,very bad,3,1
2019-11-02,bad app,5,1
2017-11-04,"i dont hate it, but i dont love it either..",5,3
2021-12-21,soooo good,3,4
2018-11-03,amazing app i recommend,4,5
2017-03-18,amazing app i recommend,2,5
2020-04-06,hard to tell sometimes good sometimes badnot good not bad.. does the job,2,3
2018-08-24,hard to tell sometimes good sometimes badnot good not bad.. does the job,4,3
2019-04-06,perfect and easy to use,4,5
2021-04-22,trash app,5,1
2018-07-08,omg fantastic,2,5
2021-12-06,3 out of 5 i guess,1,3
2017-05-06,soooo good,4,4
2022-12-12,perfect to buy and sell easily,5,5
2023-04-06,perfect and easy to use,5,5
2022-09-21,soooo good,5,4
2018-12-20,very good,2,5
2018-10-25,neutral,1,3
2017-05-19,trash app,2,1
2020-09-28,good,3,4
2023-12-14,very good,5,5
2017-10-29,omg fantastic,4,5
2021-11-03,wish it had a easier way to load with money,5,3
2020-07-17,mediocre,5,2
2023-07-17,uauh terrible,2,1
2018-11-17,bad,2,1
2018-03-29,soooo good,3,4
2018-10-23,hard to tell sometimes good sometimes badnot good not bad.. does the job,3,3
2020-12-30,mediocre,3,2
2019-02-06,amazing app i recommend,2,5
2020-01-08,neutral,2,3
2019-08-06,uauh terrible,5,1
2020-11-11,trash app,1,1
2017-03-04,omg fantastic,3,5
2019-02-14,3 out of 5 i guess,2,3
2018-09-19,"i dont hate it, but i dont love it either..",2,3
2019-01-10,mediocre,2,2
2019-05-02,2 out of 5dont even install,3,1
2018-05-24,3 out of 5 i guess,5,3
2017-10-17,bad app,1,1
2021-12-22,neutral,1,3
2023-07-14,bad app,4,1
2017-07-01,mediocre,3,2
2021-08-12,neutral,4,3
2021-08-07,excellent,4,5
2020-09-07,soooo good,5,4
2018-09-08,2 out of 5dont even install,1,1
2020-11-03,good,1,4
2023-11-01,GREAT APP,2,5
2020-06-25,perfect and easy to use,3,5
2022-12-29,neutral,3,3
2020-12-14,amazing app i recommend,2,5
2022-04-04,neutral,5,3
2020-05-07,mediocre,2,2
2021-05-30,GREAT APP,4,5
2020-05-06,perfection,1,5
2020-12-17,excellent,5,5
2021-05-13,recommend having good phone otherwise will be harddoes the job,1,4
2017-12-07,bad,4,1
2022-08-24,bad,3,1
2020-01-10,soooo good,2,4
2020-04-28,wow so good,2,5
2018-03-13,soooo good,5,4
2022-11-13,"terrible UI, deleted",4,1
2023-11-08,3 out of 5 i guess,1,3
2022-04-23,excellent,5,5
2020-08-31,excellent,2,5
2020-08-05,excellent,2,5
2019-05-10,perfect to buy and sell easily,4,5
2022-02-13,wish it had a easier way to load with money,4,3
2018-02-03,"cant be that bad, but its not perfectnever again using",5,3
2019-10-19,recommend having good phone otherwise will be harddoes the job,5,4
2023-09-20,soooo good,3,4
2018-05-01,wish it had a easier way to load with money,4,3
2018-10-20,wish it had a easier way to load with money,1,3
2021-11-15,bad app,4,1
2020-04-16,mediocre,1,2
2020-09-23,recommend having good phone otherwise will be harddoes the job,2,4
2018-01-22,bad app,5,1
2019-10-24,"terrible UI, deleted",2,1
2018-11-19,mediocre,1,2
2020-02-27,"cant be that bad, but its not perfectnever again using",5,3
2019-02-17,omg fantastic,3,5
2022-10-12,mediocre,2,2
2019-04-22,recommend having good phone otherwise will be harddoes the job,5,4
2022-08-28,excellent,4,5
2023-08-23,very bad,3,1
2019-11-19,soooo good,5,4
2022-11-22,perfect and easy to use,2,5
2019-09-16,neutral,4,3
2018-12-19,bad app,4,1
2020-04-28,"i dont hate it, but i dont love it either..",5,3
2020-08-01,soooo good,2,4
2020-06-09,"terrible , so slowcant believe how bad it is",3,1
2022-04-07,very bad,4,1
2021-07-18,"terrible UI, deleted",3,1
2020-01-01,good,4,4
2018-08-30,mediocre,2,2
2017-02-25,perfection,3,5
2019-06-20,perfect and easy to use,2,5
2019-09-04,bad app,1,1
2019-09-21,3 out of 5 i guess,5,3
2023-09-24,soooo good,5,4
2020-06-28,neutral,4,3
2017-10-03,perfection,4,5
2018-12-15,very bad,3,1
2021-01-01,omg fantastic,4,5
2019-03-24,recommend having good phone otherwise will be harddoes the job,4,4
2019-06-23,perfection,3,5
2019-06-25,"terrible UI, deleted",1,1
2019-10-18,uauh terrible,2,1
2020-04-23,"terrible UI, deleted",3,1
2022-10-02,very good,2,5
2017-10-04,"i dont hate it, but i dont love it either..",3,3
2017-06-19,bad app,5,1
2023-01-25,2 out of 5dont even install,5,1
2019-08-12,"cant be that bad, but its not perfectnever again using",2,3
2022-08-08,trash app,2,1
2022-11-29,3 out of 5 i guess,2,3
2023-09-02,trash app,4,1
2017-10-11,perfect and easy to use,5,5
2021-12-16,bad app,1,1
2021-11-21,"terrible UI, deleted",5,1
2019-03-07,uauh terrible,5,1
2017-08-05,recommend having good phone otherwise will be harddoes the job,3,4
2021-11-10,trash app,2,1
2020-01-20,recommend having good phone otherwise will be harddoes the job,1,4
2022-11-18,2 out of 5dont even install,2,1
2018-09-13,wish it had a easier way to load with money,1,3
2019-05-26,trash app,3,1
2021-08-08,3 out of 5 i guess,1,3
2019-09-20,3 out of 5 i guess,1,3
2020-09-15,bad,4,1
2017-10-24,recommend having good phone otherwise will be harddoes the job,3,4
2023-10-08,wish it had a easier way to load with money,3,3
2021-10-10,hard to tell sometimes good sometimes badnot good not bad.. does the job,4,3
2021-12-05,very good,3,5
2023-03-27,uauh terrible,4,1
2022-12-20,excellent,5,5
2019-11-14,neutral,4,3
2020-07-28,"terrible , so slowcant believe how bad it is",3,1
2019-05-17,"i dont hate it, but i dont love it either..",2,3
2020-08-21,"terrible UI, deleted",2,1
2022-04-01,trash app,5,1
2020-03-06,uauh terrible,4,1
2018-04-27,bad app,4,1
2019-12-21,3 out of 5 i guess,3,3
2021-02-23,amazing app i recommend,4,5
2018-11-09,omg fantastic,2,5
2023-12-28,very bad,5,1
2019-03-17,3 out of 5 i guess,3,3
2021-12-23,perfect and easy to use,4,5
2017-06-07,wow so good,1,5
2019-01-04,soooo good,4,4
2021-06-17,recommend having good phone otherwise will be harddoes the job,4,4
2021-10-16,amazing app i recommend,3,5
2022-09-07,trash app,5,1
2019-04-24,recommend having good phone otherwise will be harddoes the job,3,4
2019-04-03,excellent,4,5
2020-10-31,omg fantastic,5,5
2022-08-31,good,3,4
2022-12-15,wish it had a easier way to load with money,3,3
2017-03-31,GREAT APP,3,5
2017-12-12,recommend having good phone otherwise will be harddoes the job,1,4
2018-07-24,"terrible UI, deleted",2,1
2023-03-18,mediocre,2,2
2021-12-27,amazing app i recommend,4,5
2023-03-02,"terrible UI, deleted",5,1
2019-11-12,very good,2,5
2019-08-11,hard to tell sometimes good sometimes badnot good not bad.. does the job,1,3
2023-01-03,2 out of 5dont even install,2,1
2022-11-09,perfection,2,5
2021-01-06,very good,2,5
2023-09-29,wish it had a easier way to load with money,4,3
2021-05-18,mediocre,2,2
2019-09-08,"cant be that bad, but its not perfectnever again using",3,3
2023-11-07,perfect and easy to use,5,5
2019-06-12,perfection,4,5
2020-06-05,wish it had a easier way to load with money,3,3
2018-07-30,perfect and easy to use,2,5
2017-06-23,bad,4,1
2023-12-30,soooo good,4,4
2022-02-25,uauh terrible,1,1
2023-06-07,3 out of 5 i guess,3,3
2019-11-06,perfect and easy to use,3,5
2017-06-08,wish it had a easier way to load with money,5,3
2021-10-08,"i dont hate it, but i dont love it either..",2,3
2023-01-23,"terrible , so slowcant believe how bad it is",5,1
2019-11-27,omg fantastic,4,5
2017-12-26,very good,3,5
2022-06-24,GREAT APP,4,5
2022-01-12,very good,5,5
2021-02-26,perfect and easy to use,2,5
2019-01-18,bad,1,1
2019-11-15,2 out of 5dont even install,4,1
2017-09-23,2 out of 5dont even install,3,1
2017-01-18,hard to tell sometimes good sometimes badnot good not bad.. does the job,3,3
2018-09-19,"terrible UI, deleted",3,1
2018-05-10,perfection,5,5
2022-10-30,perfect and easy to use,4,5
2021-02-24,neutral,4,3
2017-10-08,"i dont hate it, but i dont love it either..",3,3
2021-01-18,omg fantastic,4,5
2023-09-22,bad,3,1
2023-09-10,"terrible UI, deleted",3,1
2019-04-22,perfect to buy and sell easily,2,5
2021-10-11,wish it had a easier way to load with money,5,3
2019-07-06,"i dont hate it, but i dont love it either..",4,3
2023-03-22,bad app,1,1
2021-08-12,trash app,1,1
2019-06-02,3 out of 5 i guess,5,3
2017-08-17,very bad,3,1
2023-12-04,recommend having good phone otherwise will be harddoes the job,5,4
2019-07-10,wow so good,4,5
2017-11-14,perfection,4,5
2020-10-02,2 out of 5dont even install,3,1
2019-09-02,perfection,5,5
2021-11-01,wow so good,3,5
2019-09-27,very good,1,5
2020-02-05,bad,2,1
2020-05-28,"i dont hate it, but i dont love it either..",5,3
2018-04-16,very bad,5,1
2017-02-23,recommend having good phone otherwise will be harddoes the job,4,4
2019-12-25,perfect to buy and sell easily,4,5
2021-01-27,3 out of 5 i guess,5,3
2020-01-27,uauh terrible,2,1
2020-08-23,2 out of 5dont even install,4,1
2018-06-23,amazing app i recommend,1,5
2019-01-24,3 out of 5 i guess,1,3
2021-06-29,bad app,2,1
2017-10-14,good,5,4
2017-04-29,bad,3,1
2017-02-07,2 out of 5dont even install,1,1
2019-02-18,"terrible UI, deleted",3,1
2023-02-16,perfection,4,5
2023-07-25,trash app,1,1
2019-09-22,very bad,1,1
2020-01-03,very good,5,5
2021-11-01,hard to tell sometimes good sometimes badnot good not bad.. does the job,3,3
2019-07-29,"terrible , so slowcant believe how bad it is",2,1
2023-02-22,mediocre,5,2
2018-10-30,"cant be that bad, but its not perfectnever again using",2,3
2021-06-14,excellent,1,5
2023-04-22,neutral,5,3
2023-12-28,3 out of 5 i guess,1,3
2023-08-15,"terrible , so slowcant believe how bad it is",5,1
2019-04-12,wow so good,1,5
2019-03-08,GREAT APP,4,5
2020-04-03,GREAT APP,5,5
2019-03-08,"i dont hate it, but i dont love it either..",1,3
2022-12-31,bad app,4,1
2018-03-24,perfect and easy to use,1,5
2020-03-22,"terrible , so slowcant believe how bad it is",2,1
2023-09-16,"cant be that bad, but its not perfectnever again using",1,3
2022-01-09,soooo good,2,4
2022-03-15,wow so good,3,5
2018-05-28,very bad,1,1
2022-11-23,wow so good,2,5
2018-03-28,excellent,4,5
2018-05-23,3 out of 5 i guess,3,3
2018-12-13,perfect to buy and sell easily,1,5
2021-03-29,excellent,4,5
2019-09-30,bad app,1,1
2019-11-19,"i dont hate it, but i dont love it either..",2,3
2021-05-24,amazing app i recommend,5,5
2017-01-21,recommend having good phone otherwise will be harddoes the job,2,4
2023-09-14,perfect and easy to use,3,5
2021-12-24,perfection,1,5
2019-06-24,amazing app i recommend,1,5
2023-06-16,very bad,1,1
2020-10-09,uauh terrible,4,1
2017-06-13,very bad,1,1
2021-02-16,2 out of 5dont even install,1,1
2020-04-10,perfect to buy and sell easily,2,5
2017-01-09,very good,1,5
2018-05-24,trash app,4,1
2018-08-14,soooo good,1,4
2023-08-13,omg fantastic,5,5
2020-12-11,very good,3,5
2019-05-12,omg fantastic,4,5
2017-10-04,perfect and easy to use,5,5
2017-05-13,"terrible UI, deleted",3,1
2017-09-21,hard to tell sometimes good sometimes badnot good not bad.. does the job,4,3
2019-11-28,excellent,1,5
2019-10-29,2 out of 5dont even install,5,1
2021-06-23,perfection,3,5
2018-12-05,very good,2,5
2018-05-24,GREAT APP,5,5
2019-03-20,omg fantastic,1,5
2018-03-25,omg fantastic,5,5
2019-10-15,perfect to buy and sell easily,3,5
2017-04-12,wow so good,3,5
2020-08-25,perfect to buy and sell easily,4,5
2018-03-14,neutral,5,3
2020-01-17,good,5,4
2017-10-25,"i dont hate it, but i dont love it either..",3,3
2022-03-10,perfection,5,5
2019-03-02,good,3,4
2021-03-24,"terrible , so slowcant believe how bad it is",3,1
2023-06-17,perfection,1,5
2018-01-07,trash app,5,1
2018-12-21,mediocre,1,2
2021-04-28,wow so good,5,5
2018-03-24,mediocre,4,2
2021-07-26,neutral,2,3
2020-02-07,good,2,4
2018-08-08,good,3,4
2023-05-06,trash app,1,1
2019-04-14,very good,4,5
2021-01-09,3 out of 5 i guess,4,3
2017-11-02,"terrible UI, deleted",2,1
2019-09-07,recommend having good phone otherwise will be harddoes the job,3,4
2019-04-16,hard to tell sometimes good sometimes badnot good not bad.. does the job,5,3
2023-03-31,omg fantastic,4,5
2021-01-20,GREAT APP,3,5
2021-05-22,neutral,2,3
2018-12-04,3 out of 5 i guess,4,3
2018-08-29,good,2,4
2022-12-03,excellent,1,5
2020-09-04,wish it had a easier way to load with money,3,3
2019-07-18,excellent,2,5
2017-12-20,very bad,2,1
2019-10-26,very bad,4,1
2020-08-11,bad,4,1
2018-01-15,GREAT APP,1,5
2023-10-21,amazing app i recommend,2,5
2019-09-09,"terrible , so slowcant believe how bad it is",2,1
2021-11-13,"terrible UI, deleted",4,1
2018-12-06,uauh terrible,3,1
2017-08-28,recommend having good phone otherwise will be harddoes the job,2,4
2019-07-29,neutral,1,3
2019-10-12,perfect to buy and sell easily,4,5
2019-01-04,good,2,4
2019-04-04,wish it had a easier way to load with money,1,3
2020-08-01,2 out of 5dont even install,1,1
2021-07-31,wish it had a easier way to load with money,3,3
2023-12-11,neutral,1,3
2020-12-18,"terrible UI, deleted",5,1
2018-10-15,omg fantastic,4,5
2022-06-05,perfect to buy and sell easily,2,5
2022-03-22,3 out of 5 i guess,2,3
2017-09-24,recommend having good phone otherwise will be harddoes the job,5,4
2021-05-01,recommend having good phone otherwise will be harddoes the job,5,4
2022-12-15,mediocre,5,2
2023-04-23,wow so good,1,5
2022-03-15,omg fantastic,5,5
2023-07-12,bad app,2,1
2019-04-23,trash app,4,1
2021-08-31,soooo good,3,4
2018-07-18,GREAT APP,3,5
2017-01-05,mediocre,3,2
2023-01-25,very bad,1,1
2022-06-23,neutral,2,3
2019-08-05,neutral,2,3
2020-12-08,perfect and easy to use,1,5
2020-09-04,"terrible UI, deleted",1,1
2021-04-21,wish it had a easier way to load with money,3,3
2022-02-08,good,2,4
2020-10-25,perfect to buy and sell easily,3,5
2021-08-29,very good,3,5
2021-05-26,"cant be that bad, but its not perfectnever again using",4,3
2022-07-27,bad,2,1
2017-12-20,good,2,4
2017-07-06,omg fantastic,2,5
2023-10-21,uauh terrible,2,1
2019-01-12,hard to tell sometimes good sometimes badnot good not bad.. does the job,3,3
2021-01-05,wish it had a easier way to load with money,3,3
2019-11-03,excellent,1,5
2019-09-27,trash app,4,1
2018-08-10,"terrible , so slowcant believe how bad it is",2,1
2019-03-18,neutral,2,3
2021-03-11,hard to tell sometimes good sometimes badnot good not bad.. does the job,3,3
2020-01-04,2 out of 5dont even install,1,1
2022-07-05,good,4,4
2022-09-07,bad app,5,1
2022-02-10,perfection,2,5
2020-07-07,recommend having good phone otherwise will be harddoes the job,3,4
2020-05-31,neutral,5,3
2018-12-09,very bad,3,1
2022-01-18,hard to tell sometimes good sometimes badnot good not bad.. does the job,2,3
2017-12-26,good,3,4
2021-06-09,3 out of 5 i guess,2,3
2022-03-03,soooo good,4,4
2022-04-05,excellent,4,5
2020-12-14,omg fantastic,3,5
2020-09-09,excellent,5,5
2022-03-16,bad app,5,1
2020-09-21,bad app,1,1
2020-11-11,excellent,3,5
2020-07-16,trash app,3,1
2023-10-04,very good,5,5
2023-12-11,bad,2,1
2017-06-26,good,5,4
2022-09-23,excellent,3,5
2019-08-18,recommend having good phone otherwise will be harddoes the job,3,4
2022-01-02,"i dont hate it, but i dont love it either..",3,3
2020-11-21,very bad,3,1
2018-11-19,2 out of 5dont even install,4,1
2020-08-09,perfection,1,5
2020-05-16,amazing app i recommend,1,5
2019-08-11,"terrible , so slowcant believe how bad it is",3,1
2017-04-20,soooo good,5,4
2017-06-27,perfect to buy and sell easily,5,5
2020-10-04,GREAT APP,2,5
2018-11-21,"i dont hate it, but i dont love it either..",3,3
2020-01-08,bad,3,1
2020-07-01,"cant be that bad, but its not perfectnever again using",1,3
2017-06-08,3 out of 5 i guess,4,3
2020-05-12,recommend having good phone otherwise will be harddoes the job,2,4
2017-09-20,good,1,4
2020-05-25,perfect to buy and sell easily,1,5
2019-06-24,excellent,2,5
2021-10-06,"cant be that bad, but its not perfectnever again using",2,3
2020-06-08,omg fantastic,2,5
2017-05-24,perfection,5,5
2021-07-16,wow so good,2,5
2022-03-18,"cant be that bad, but its not perfectnever again using",1,3
2019-03-14,bad,2,1
2023-11-20,perfect to buy and sell easily,2,5
2022-03-22,very good,5,5
2017-10-29,perfection,5,5
2019-06-07,wish it had a easier way to load with money,2,3
2022-10-30,mediocre,5,2
2018-10-10,GREAT APP,4,5
2018-12-01,trash app,3,1
2017-06-26,"terrible , so slowcant believe how bad it is",5,1
2022-06-12,perfect to buy and sell easily,4,5
2017-01-22,3 out of 5 i guess,4,3
2018-02-23,"terrible UI, deleted",5,1
2017-05-14,hard to tell sometimes good sometimes badnot good not bad.. does the job,1,3
2021-06-28,wow so good,4,5
2021-10-29,"terrible , so slowcant believe how bad it is",5,1
2022-07-08,bad app,3,1
2021-09-24,trash app,2,1
2019-09-23,perfection,5,5
2017-05-29,hard to tell sometimes good sometimes badnot good not bad.. does the job,2,3
2022-09-13,wow so good,4,5
2022-08-04,omg fantastic,3,5
2023-01-20,bad,5,1
2021-01-08,omg fantastic,1,5
2020-01-09,"terrible , so slowcant believe how bad it is",1,1
2021-05-07,"i dont hate it, but i dont love it either..",4,3
2018-05-11,wish it had a easier way to load with money,1,3
2018-09-01,perfection,5,5
2018-12-28,"terrible , so slowcant believe how bad it is",4,1
2022-02-16,2 out of 5dont even install,4,1
2019-07-07,"terrible UI, deleted",3,1
2020-07-28,very good,4,5
2018-10-01,good,4,4
2021-03-02,"terrible , so slowcant believe how bad it is",1,1
2021-01-13,perfect and easy to use,4,5
2020-12-04,neutral,2,3
2021-03-24,good,4,4
2021-02-09,"i dont hate it, but i dont love it either..",4,3
2018-04-23,"cant be that bad, but its not perfectnever again using",1,3
2021-02-27,amazing app i recommend,4,5
2018-11-19,wish it had a easier way to load with money,3,3
2020-12-24,mediocre,5,2
2022-11-27,"terrible , so slowcant believe how bad it is",1,1
2022-10-24,perfect to buy and sell easily,4,5
2023-10-23,hard to tell sometimes good sometimes badnot good not bad.. does the job,2,3
2019-09-07,perfect to buy and sell easily,1,5
2023-05-08,perfect to buy and sell easily,2,5
2021-02-16,mediocre,1,2
2018-03-31,good,1,4
2023-12-29,wow so good,3,5
2022-07-09,omg fantastic,1,5
2021-06-17,soooo good,2,4
2018-07-26,2 out of 5dont even install,4,1
2020-03-28,trash app,4,1
2020-03-17,"terrible , so slowcant believe how bad it is",2,1
2022-01-26,recommend having good phone otherwise will be harddoes the job,4,4
2018-07-27,hard to tell sometimes good sometimes badnot good not bad.. does the job,2,3
2022-08-08,amazing app i recommend,1,5
2018-10-30,trash app,5,1
2019-03-19,bad app,1,1
2018-04-23,very bad,5,1
2022-12-04,mediocre,1,2
2022-10-12,omg fantastic,1,5
2020-09-10,"terrible UI, deleted",1,1
2023-12-28,hard to tell sometimes good sometimes badnot good not bad.. does the job,4,3
2020-11-13,"cant be that bad, but its not perfectnever again using",3,3
2019-03-17,"cant be that bad, but its not perfectnever again using",3,3
2023-11-22,2 out of 5dont even install,4,1
2020-08-01,trash app,5,1
2017-02-14,"cant be that bad, but its not perfectnever again using",4,3
2017-09-20,trash app,2,1
2021-02-22,very good,2,5
2019-09-12,neutral,3,3
2018-09-05,very good,5,5
2021-08-12,very bad,2,1
2017-10-12,bad,4,1
2019-09-18,3 out of 5 i guess,3,3
2021-03-22,omg fantastic,4,5
2018-11-25,perfection,3,5
2020-02-27,bad app,4,1
2018-06-04,hard to tell sometimes good sometimes badnot good not bad.. does the job,5,3
2018-08-07,GREAT APP,3,5
2021-05-20,good,4,4
2022-09-01,omg fantastic,1,5
2020-11-28,excellent,1,5
2019-04-11,bad app,3,1
2017-02-22,perfect and easy to use,3,5
2018-07-07,GREAT APP,5,5
2018-09-28,very bad,2,1
2018-09-16,2 out of 5dont even install,4,1
2022-07-13,trash app,3,1
2022-06-18,very good,5,5
2023-06-29,"cant be that bad, but its not perfectnever again using",2,3
2017-06-01,perfect and easy to use,4,5
2017-08-07,"terrible UI, deleted",4,1
2020-03-31,GREAT APP,4,5
2019-06-03,hard to tell sometimes good sometimes badnot good not bad.. does the job,3,3
2022-06-10,perfect to buy and sell easily,3,5
2019-06-10,very bad,4,1
2019-08-22,perfect to buy and sell easily,1,5
2020-03-30,bad app,2,1
2020-12-06,hard to tell sometimes good sometimes badnot good not bad.. does the job,4,3
2018-01-27,GREAT APP,1,5
2023-01-26,amazing app i recommend,2,5
2018-04-13,"cant be that bad, but its not perfectnever again using",2,3
2017-12-14,perfect and easy to use,5,5
2023-03-24,recommend having good phone otherwise will be harddoes the job,4,4
2018-03-03,good,5,4
2021-01-27,neutral,3,3
2018-01-27,neutral,3,3
2022-01-21,excellent,2,5
2017-10-29,bad app,3,1
2021-09-05,perfect and easy to use,3,5
2021-04-01,amazing app i recommend,3,5
2021-01-27,good,5,4
2021-12-19,hard to tell sometimes good sometimes badnot good not bad.. does the job,1,3
2019-07-10,bad,1,1
2022-05-15,2 out of 5dont even install,5,1
2019-01-28,2 out of 5dont even install,1,1
2023-08-28,"terrible , so slowcant believe how bad it is",1,1
2018-03-22,perfect to buy and sell easily,2,5
2021-07-08,"i dont hate it, but i dont love it either..",3,3
2020-06-24,wow so good,1,5
2019-08-21,bad app,1,1
2019-07-30,good,2,4
2017-01-08,2 out of 5dont even install,5,1
2019-12-27,"terrible , so slowcant believe how bad it is",4,1
2018-06-11,very bad,1,1
2018-11-26,bad app,1,1
2020-08-01,"i dont hate it, but i dont love it either..",3,3
2020-05-20,neutral,5,3
2023-08-29,"terrible , so slowcant believe how bad it is",2,1
2019-09-25,uauh terrible,2,1
2022-01-30,wish it had a easier way to load with money,1,3
2020-08-02,wish it had a easier way to load with money,3,3
2018-01-15,trash app,2,1
2021-01-15,omg fantastic,5,5
2021-09-21,uauh terrible,4,1
2023-02-28,2 out of 5dont even install,3,1
2020-11-05,3 out of 5 i guess,2,3
2022-11-27,bad,3,1
2019-10-10,perfect and easy to use,5,5
2018-10-19,perfection,1,5
2018-10-28,"terrible , so slowcant believe how bad it is",4,1
2019-09-09,very bad,4,1
2020-04-19,"terrible , so slowcant believe how bad it is",1,1
2019-11-06,amazing app i recommend,3,5
2021-10-28,bad,3,1
2020-06-27,neutral,3,3
2021-04-08,trash app,1,1
2021-04-18,"i dont hate it, but i dont love it either..",3,3
2019-11-19,3 out of 5 i guess,4,3
2019-02-11,good,3,4
2018-06-09,"cant be that bad, but its not perfectnever again using",2,3
2017-11-28,mediocre,3,2
2022-08-04,bad app,5,1
2022-08-11,uauh terrible,4,1
2021-12-24,uauh terrible,5,1
2018-01-26,"terrible UI, deleted",1,1
2020-10-01,bad,3,1
2020-05-10,excellent,5,5
2018-10-07,excellent,1,5
2021-11-22,recommend having good phone otherwise will be harddoes the job,4,4
2020-04-28,perfect to buy and sell easily,5,5
2021-09-29,"cant be that bad, but its not perfectnever again using",4,3
2022-06-26,perfect and easy to use,5,5
2019-04-20,uauh terrible,4,1
2020-09-16,trash app,5,1
2021-11-07,hard to tell sometimes good sometimes badnot good not bad.. does the job,2,3
2023-09-20,soooo good,5,4
2022-07-22,good,4,4
2022-09-23,3 out of 5 i guess,4,3
2022-03-25,hard to tell sometimes good sometimes badnot good not bad.. does the job,5,3
2023-04-19,uauh terrible,5,1
2019-12-23,"terrible UI, deleted",4,1
2020-07-14,omg fantastic,1,5
2018-06-08,"cant be that bad, but its not perfectnever again using",3,3
2022-02-23,excellent,5,5
2023-07-22,bad,2,1
2020-08-25,perfect to buy and sell easily,3,5
2022-03-07,perfect to buy and sell easily,4,5
2019-10-23,"i dont hate it, but i dont love it either..",1,3
2018-11-15,trash app,5,1
2019-07-11,very bad,3,1
2022-04-09,hard to tell sometimes good sometimes badnot good not bad.. does the job,2,3
2020-02-14,"terrible UI, deleted",4,1
2022-05-23,hard to tell sometimes good sometimes badnot good not bad.. does the job,5,3
2023-12-24,good,4,4
2023-08-13,good,5,4
2018-03-02,hard to tell sometimes good sometimes badnot good not bad.. does the job,1,3
2022-10-05,good,2,4
2021-07-30,bad,5,1
2023-06-17,3 out of 5 i guess,1,3
2023-05-05,soooo good,2,4
2019-12-12,soooo good,2,4
2020-04-25,wow so good,4,5
2017-02-05,neutral,3,3
2021-09-18,uauh terrible,5,1
2022-01-12,"terrible , so slowcant believe how bad it is",5,1
2018-06-17,uauh terrible,4,1
2022-03-26,wish it had a easier way to load with money,5,3
2017-01-31,trash app,5,1
2017-05-13,"terrible , so slowcant believe how bad it is",2,1
2023-05-20,neutral,5,3
2022-08-11,perfect to buy and sell easily,4,5
2019-09-14,perfect and easy to use,3,5
2021-05-19,"cant be that bad, but its not perfectnever again using",3,3
2018-01-27,omg fantastic,4,5
2022-10-10,perfect to buy and sell easily,5,5
2022-09-17,mediocre,4,2
2017-04-07,"terrible UI, deleted",2,1
2017-09-27,uauh terrible,1,1
2017-02-06,2 out of 5dont even install,1,1
2020-10-15,"cant be that bad, but its not perfectnever again using",4,3
2020-08-24,soooo good,1,4
2017-05-26,hard to tell sometimes good sometimes badnot good not bad.. does the job,5,3
2021-12-02,hard to tell sometimes good sometimes badnot good not bad.. does the job,5,3
2019-05-31,trash app,5,1
2023-05-03,"terrible UI, deleted",1,1
2019-11-06,3 out of 5 i guess,4,3
2018-02-24,very good,4,5
2017-06-28,mediocre,5,2
2019-06-09,very bad,3,1
2021-08-10,recommend having good phone otherwise will be harddoes the job,4,4
2017-10-14,good,1,4
2020-11-04,hard to tell sometimes good sometimes badnot good not bad.. does the job,5,3
2023-05-04,perfect to buy and sell easily,2,5
2018-08-23,bad app,2,1
2018-01-01,"i dont hate it, but i dont love it either..",5,3
2017-08-20,soooo good,3,4
2022-12-03,bad,5,1
2023-10-30,omg fantastic,3,5
2020-12-19,GREAT APP,1,5
2021-04-22,perfect and easy to use,3,5
2019-05-10,"terrible UI, deleted",2,1
2018-07-28,perfect and easy to use,2,5
2021-05-02,"terrible UI, deleted",3,1
2021-11-08,GREAT APP,1,5
2021-04-14,"i dont hate it, but i dont love it either..",1,3
2023-07-27,wow so good,2,5
2019-10-01,amazing app i recommend,4,5
2019-08-04,omg fantastic,4,5
2022-12-27,very bad,1,1
2017-11-18,mediocre,2,2
2017-08-28,"terrible , so slowcant believe how bad it is",1,1
2019-10-31,hard to tell sometimes good sometimes badnot good not bad.. does the job,3,3
2018-01-10,uauh terrible,3,1
2018-02-28,bad,5,1
2022-01-27,uauh terrible,2,1
2023-12-11,bad app,4,1
2020-02-18,wow so good,3,5
2022-04-12,uauh terrible,4,1
2019-04-21,trash app,4,1
2023-04-29,very bad,1,1
2022-03-23,perfect to buy and sell easily,1,5
2020-02-26,trash app,2,1
2018-11-26,perfect to buy and sell easily,5,5
,Please remove Ukraine from Limits,4,1
,This is the worst application Ive ever installed. Its not tested and not production-ready,1,1
,"So, I rarely leave bad reviews, but this one was beyond",1,3
,Horrible user experience.,1,1
,"a transfer was made from a crypto-exchange to this platform for a long time, the cryptocurrency simply simply does not arrive",1,1
,"Its horrible experience with Coinbase,  and no one who can help you with this.",1,1
,Thanks! All issues now fixed!,5,5
,"I put money there, but I cant withdraw, Im from Ukraine.  Unblock our country please",3,1
,I cant finish verification. tried to send passport and drive license. after few minutes I receive falling_back message,2,1
,"Doesnt accept my ID, neither Passport nor driving license. After numerous attempts blocked me till tomorrow because number of attempts exceeded ",1,1
,"I can't get verified.  Does not write the reason why my documents are not suitable.  Accordingly, I cannot correct the deficiencies.",1,1
,PLEASE ADD UKRAINE,4,1
,I withdrew some eth from other stock to coinbase according to the address the application generated and its seams to be lost. No tech support for Ukraine,1,1
,When Ukraine will be as supported country??,1,1
,"After registration i cant login Write on support, they ignore me 3 week I write to they 5 time They just ignore and no help",1,1
,Bad,1,1
,"Unable to register, Ukraine is not available as country of residence",1,1
,"Please, add support for Spaceswap Milk2 asset.",5,5
,Ok,5,3
,"    ,  .     ,     .",4,1
,      ,5,1
,"  ,     ",3,5
,"     ,      .  ,    .",1,1
,     ,1,1
,    ,1,1
,"    ""     """,1,1
,  7-    !,1,1
,"  ,   ",1,1
,"Opening the app from Ukraine, error 403 appears",1,1
,    ,1,1
,   ,4,5
,Got this message every time I try to sing in. Web version works fine. iPhone 11 14.2,1,5
,         ,5,4
,Good,5,4
