timestamp,reviews,score
2017-01-26 09:16:46,good,2
2017-12-21 06:44:09,recommend having good phone otherwise will be harddoes the job,3
2022-09-18 23:57:20,"terrible , so slowcant believe how bad it is",4
2021-05-08 02:39:49,"terrible , so slowcant believe how bad it is",1
2018-01-06 12:28:46,"i dont hate it, but i dont love it either..",3
2019-04-21 07:22:46,mediocre,4
2017-01-26 21:54:57,3 out of 5 i guess,3
2020-11-05 13:05:47,trash app,5
2022-03-31 08:27:40,perfection,2
2019-08-02 17:41:29,very good,4
2017-01-30 13:47:44,perfect and easy to use,5
2017-11-02 13:47:05,trash app,2
2017-01-01 13:33:41,perfect to buy and sell easily,2
2017-02-28 21:18:47,2 out of 5dont even install,1
2023-05-07 19:03:34,trash app,1
2020-04-14 17:27:14,soooo good,4
2017-07-13 15:12:35,"i dont hate it, but i dont love it either..",1
2023-10-16 18:45:25,mediocre,2
2022-09-08 04:08:41,3 out of 5 i guess,2
2021-01-10 15:06:12,perfect and easy to use,2
2023-09-27 09:04:05,very good,4
2020-12-27 09:07:11,"terrible , so slowcant believe how bad it is",5
2020-04-26 19:57:41,neutral,4
2020-03-24 08:16:40,"terrible , so slowcant believe how bad it is",2
2023-12-08 12:50:12,bad app,5
2020-03-18 03:45:49,neutral,1
2019-03-26 01:43:27,"terrible UI, deleted",1
2022-10-11 21:38:13,perfect and easy to use,2
2018-01-05 01:59:15,excellent,3
2018-11-03 15:54:56,very bad,3
2020-08-18 21:55:10,"cant be that bad, but its not perfectnever again using",4
2018-03-03 16:42:01,3 out of 5 i guess,3
2021-10-16 22:29:22,bad app,2
2023-06-17 18:30:08,uauh terrible,5
2019-07-21 10:15:24,very good,1
2022-04-13 22:38:57,"i dont hate it, but i dont love it either..",5
2021-01-24 21:19:21,"cant be that bad, but its not perfectnever again using",4
2019-09-25 03:48:17,neutral,5
2019-09-22 14:42:38,3 out of 5 i guess,3
2023-10-17 09:50:08,wow so good,2
2019-05-10 17:15:40,very bad,2
2017-01-19 04:39:56,soooo good,3
2023-12-09 03:13:26,very bad,5
2018-05-02 07:37:19,soooo good,3
2018-10-06 07:54:29,amazing app i recommend,3
2022-09-26 18:02:48,perfect and easy to use,3
2021-02-14 15:57:13,bad,1
2019-06-23 13:58:09,perfect and easy to use,1
2020-04-18 15:51:47,bad,1
2019-11-16 07:43:55,3 out of 5 i guess,4
2022-12-08 10:11:57,"i dont hate it, but i dont love it either..",1
2020-12-09 17:39:06,good,5
2022-01-01 11:08:10,mediocre,3
2022-04-29 15:35:26,2 out of 5dont even install,3
2021-02-02 15:46:24,2 out of 5dont even install,1
2019-05-22 06:02:03,2 out of 5dont even install,3
2017-07-21 15:29:11,neutral,5
2023-10-22 14:52:26,very good,2
2020-01-03 22:34:24,3 out of 5 i guess,5
2018-05-13 22:23:46,omg fantastic,2
2021-04-26 14:22:21,neutral,3
2018-12-10 21:33:27,uauh terrible,2
2022-03-08 20:43:58,perfect and easy to use,3
2023-03-15 19:50:09,GREAT APP,2
2017-10-02 10:48:04,recommend having good phone otherwise will be harddoes the job,3
2020-05-30 20:41:09,recommend having good phone otherwise will be harddoes the job,1
2019-02-10 04:10:56,very bad,1
2021-05-07 18:02:40,uauh terrible,2
2023-04-02 15:19:32,"terrible , so slowcant believe how bad it is",2
2018-01-29 13:51:13,recommend having good phone otherwise will be harddoes the job,1
2018-05-05 19:53:55,excellent,4
2018-07-07 15:44:18,bad,2
2018-07-17 16:39:55,very bad,3
2023-11-21 21:17:59,hard to tell sometimes good sometimes badnot good not bad.. does the job,3
2021-01-13 21:20:59,hard to tell sometimes good sometimes badnot good not bad.. does the job,3
2018-03-09 18:23:27,GREAT APP,2
2017-12-13 13:21:07,"i dont hate it, but i dont love it either..",2
2020-11-25 20:03:07,wow so good,5
2018-11-27 13:00:15,trash app,3
2023-07-21 10:16:19,"i dont hate it, but i dont love it either..",1
2018-04-23 13:50:44,wish it had a easier way to load with money,1
2021-10-23 13:48:20,soooo good,5
2020-06-12 00:21:23,trash app,1
2020-05-06 00:35:02,bad app,2
2022-08-05 01:28:49,3 out of 5 i guess,4
2020-02-08 22:02:02,wow so good,5
2017-01-28 09:14:47,"terrible , so slowcant believe how bad it is",1
2018-11-06 05:34:54,wish it had a easier way to load with money,3
2023-05-24 15:11:19,trash app,5
2018-03-26 15:03:14,perfect and easy to use,3
2023-02-17 12:31:13,"cant be that bad, but its not perfectnever again using",3
2020-06-21 19:24:08,perfect and easy to use,4
2021-05-24 10:38:52,"i dont hate it, but i dont love it either..",1
2023-08-25 07:29:09,"i dont hate it, but i dont love it either..",2
2018-06-16 20:11:27,perfect and easy to use,2
2018-10-19 03:49:45,3 out of 5 i guess,1
2021-08-22 10:48:52,hard to tell sometimes good sometimes badnot good not bad.. does the job,3
2022-10-11 02:24:37,very good,3
2022-12-13 08:54:33,bad app,5
2020-08-25 01:39:19,mediocre,2
2019-06-08 21:22:29,wow so good,3
2017-12-04 14:46:17,hard to tell sometimes good sometimes badnot good not bad.. does the job,1
2023-06-07 11:01:30,uauh terrible,2
2023-11-24 04:42:41,"terrible UI, deleted",2
2019-06-24 09:24:00,bad,2
2021-06-01 22:27:50,trash app,1
2019-01-23 12:01:47,wish it had a easier way to load with money,3
2017-06-26 22:40:55,good,5
2021-08-31 01:31:59,"cant be that bad, but its not perfectnever again using",3
2021-04-26 06:41:53,hard to tell sometimes good sometimes badnot good not bad.. does the job,4
2021-10-26 23:37:49,bad,4
2023-03-23 13:51:49,2 out of 5dont even install,3
2019-03-11 23:27:38,very bad,3
2020-06-06 06:41:05,good,4
2023-12-13 10:46:16,wow so good,1
2019-07-04 02:21:23,recommend having good phone otherwise will be harddoes the job,2
2023-03-09 18:48:11,2 out of 5dont even install,5
2023-11-09 21:05:47,very good,2
2020-01-19 01:43:21,3 out of 5 i guess,3
2020-04-17 08:51:55,wow so good,4
2020-09-23 16:31:03,bad,3
2017-12-27 16:12:04,good,2
2021-03-29 06:26:29,perfect and easy to use,4
2023-11-01 11:20:07,perfect and easy to use,5
2023-11-03 15:18:27,recommend having good phone otherwise will be harddoes the job,3
2018-08-30 17:21:33,3 out of 5 i guess,1
2019-03-26 05:44:40,uauh terrible,1
2023-08-31 02:09:48,trash app,1
2021-01-10 17:08:00,very bad,1
2021-02-14 23:14:23,very bad,4
2021-04-13 21:27:16,3 out of 5 i guess,3
2022-01-24 07:33:53,perfect and easy to use,1
2021-06-21 18:21:56,wow so good,1
2017-05-13 05:09:42,neutral,1
2022-05-30 15:10:02,wish it had a easier way to load with money,3
2023-10-17 11:54:33,3 out of 5 i guess,4
2023-06-28 22:08:15,recommend having good phone otherwise will be harddoes the job,4
2018-11-13 17:25:08,good,2
2019-06-20 20:49:10,mediocre,3
2022-07-20 08:54:58,"terrible , so slowcant believe how bad it is",3
2020-01-18 09:57:41,trash app,1
2021-08-09 18:15:56,"cant be that bad, but its not perfectnever again using",3
2018-05-14 20:05:29,mediocre,2
2019-10-04 17:33:52,amazing app i recommend,3
2023-11-15 15:34:02,trash app,1
2023-07-15 19:13:32,"terrible , so slowcant believe how bad it is",5
2019-08-28 02:20:27,amazing app i recommend,4
2023-06-06 05:18:55,perfect to buy and sell easily,3
2020-12-15 04:05:10,perfect and easy to use,3
2022-07-31 23:58:19,neutral,3
2018-11-09 07:53:42,very bad,4
2021-02-23 10:39:26,trash app,3
2017-03-23 22:49:45,very bad,2
2023-03-27 08:16:00,excellent,3
2023-12-16 11:15:34,"cant be that bad, but its not perfectnever again using",2
2019-12-19 16:33:23,neutral,5
2020-12-04 13:27:33,soooo good,1
2021-08-17 06:15:39,good,2
2017-07-19 21:45:04,trash app,2
2019-06-23 06:40:00,neutral,2
2018-01-03 00:45:02,very good,1
2019-06-20 13:25:26,very good,2
2019-06-25 09:02:56,amazing app i recommend,5
2020-09-24 10:53:22,amazing app i recommend,5
2020-11-16 02:13:43,neutral,1
2019-03-24 10:01:08,very good,4
2022-10-18 22:13:18,"i dont hate it, but i dont love it either..",1
2018-08-08 17:16:20,omg fantastic,4
2020-12-23 09:20:40,good,4
2023-11-09 10:26:42,perfect to buy and sell easily,2
2023-07-08 17:09:43,good,4
2022-10-31 01:41:01,trash app,2
2021-01-03 09:38:33,GREAT APP,5
2021-12-26 19:26:12,bad,1
2022-02-12 02:41:55,perfection,3
2020-07-24 05:37:32,"i dont hate it, but i dont love it either..",1
2023-05-07 06:24:35,"terrible , so slowcant believe how bad it is",5
2021-05-12 12:43:40,soooo good,5
2021-04-01 04:17:36,trash app,1
2023-03-31 19:23:33,amazing app i recommend,1
2022-02-08 12:26:45,good,1
2020-12-21 10:18:08,trash app,1
2023-08-21 22:21:11,bad app,4
2022-01-06 18:16:16,"terrible UI, deleted",3
2023-02-11 01:06:11,hard to tell sometimes good sometimes badnot good not bad.. does the job,1
2022-01-27 19:12:40,bad app,5
2021-08-16 13:56:15,neutral,4
2022-07-30 11:59:10,mediocre,2
2017-11-08 18:51:10,neutral,5
2020-11-04 22:22:49,omg fantastic,2
2021-10-20 06:55:17,"cant be that bad, but its not perfectnever again using",4
2017-03-19 12:43:00,bad,3
2017-12-26 12:00:43,mediocre,2
2020-09-24 07:19:45,bad,3
2017-09-26 09:26:28,recommend having good phone otherwise will be harddoes the job,3
2020-10-13 05:37:24,perfect and easy to use,5
2023-06-03 05:49:34,uauh terrible,4
2018-03-24 10:33:53,wish it had a easier way to load with money,1
2021-08-13 18:29:47,GREAT APP,4
2021-11-07 08:26:50,wow so good,2
2018-07-11 02:58:25,perfect to buy and sell easily,3
2021-10-17 07:06:42,wish it had a easier way to load with money,1
2018-12-02 21:13:55,neutral,4
2023-01-11 10:11:20,very good,1
2022-05-10 01:58:09,recommend having good phone otherwise will be harddoes the job,4
2018-06-04 22:43:54,"terrible UI, deleted",3
2018-10-29 04:19:43,uauh terrible,5
2019-10-31 22:11:49,recommend having good phone otherwise will be harddoes the job,4
2020-06-01 16:48:33,omg fantastic,2
2023-12-09 20:05:24,bad,1
2020-12-27 10:31:53,excellent,5
2017-08-20 04:52:23,bad app,3
2019-12-03 10:56:47,wish it had a easier way to load with money,2
2023-07-17 21:29:30,good,5
2017-01-28 00:54:18,wow so good,3
2023-06-02 17:03:42,neutral,2
2020-11-01 12:30:58,2 out of 5dont even install,2
2020-03-11 17:35:09,"i dont hate it, but i dont love it either..",2
2023-03-29 04:59:46,"terrible UI, deleted",4
2018-11-10 20:45:55,perfect and easy to use,1
2022-01-23 07:28:38,bad,1
2023-04-12 13:09:34,recommend having good phone otherwise will be harddoes the job,1
2017-02-20 01:49:41,"i dont hate it, but i dont love it either..",1
2017-02-20 23:13:37,"terrible , so slowcant believe how bad it is",4
2019-01-01 04:02:37,excellent,2
2017-07-24 06:24:13,"terrible , so slowcant believe how bad it is",5
2020-03-08 04:31:55,3 out of 5 i guess,4
2019-10-30 01:40:44,soooo good,2
2020-06-17 06:41:28,3 out of 5 i guess,3
2021-01-26 04:22:08,neutral,4
2019-03-19 06:05:00,very good,3
2020-09-19 07:44:20,soooo good,1
2019-04-07 08:10:48,trash app,2
2019-04-19 07:51:25,uauh terrible,1
2023-02-12 19:29:18,perfect to buy and sell easily,3
2021-12-17 18:07:20,very good,4
2019-06-11 17:27:03,bad,5
2020-09-15 16:13:58,perfection,1
2023-11-18 01:25:06,wow so good,2
2018-06-03 22:42:15,wow so good,3
2022-02-28 08:31:42,trash app,5
2023-04-28 22:27:33,"terrible UI, deleted",3
2019-07-15 04:59:56,uauh terrible,2
2019-11-04 05:27:48,excellent,4
2021-06-05 13:06:43,wish it had a easier way to load with money,3
2018-10-08 10:40:26,3 out of 5 i guess,1
2022-12-01 08:55:57,"terrible UI, deleted",3
2017-06-03 00:58:13,amazing app i recommend,5
2017-07-04 04:31:58,3 out of 5 i guess,4
2023-12-12 12:54:29,"terrible UI, deleted",5
2021-06-12 12:30:54,very bad,5
2017-01-11 02:44:01,very bad,3
2019-03-22 23:51:38,perfect to buy and sell easily,5
2019-01-28 06:11:39,good,3
2022-11-14 12:16:00,3 out of 5 i guess,5
2020-10-17 17:52:00,perfect to buy and sell easily,2
2020-06-03 03:53:00,"terrible , so slowcant believe how bad it is",5
2022-09-24 05:49:42,bad app,3
2023-03-31 20:12:09,mediocre,4
2022-04-18 06:28:38,perfection,3
2017-05-23 06:47:10,soooo good,4
2017-02-20 09:40:33,wow so good,1
2021-04-11 11:48:57,trash app,5
2017-06-01 20:01:04,recommend having good phone otherwise will be harddoes the job,2
2023-08-20 19:43:42,neutral,1
2019-11-13 01:14:06,amazing app i recommend,5
2020-11-14 14:03:59,bad app,1
2021-04-19 13:39:53,trash app,3
2020-05-25 03:07:55,wish it had a easier way to load with money,1
2021-04-12 09:27:15,trash app,2
2018-10-19 02:37:29,perfection,1
2017-03-20 09:13:08,neutral,4
2017-05-23 11:24:45,wow so good,4
2019-03-30 19:24:02,neutral,1
2023-09-28 10:33:32,bad,5
2022-12-01 21:27:26,neutral,1
2020-07-01 10:49:30,"cant be that bad, but its not perfectnever again using",5
2019-12-12 08:42:38,perfection,4
2023-03-20 17:24:53,very bad,1
2020-10-28 17:57:31,"cant be that bad, but its not perfectnever again using",4
2022-05-22 22:18:47,good,3
2017-04-24 14:15:37,GREAT APP,1
2023-12-01 19:10:06,GREAT APP,1
2018-05-31 20:01:35,GREAT APP,2
2021-06-06 14:34:54,GREAT APP,3
2018-05-26 03:43:06,perfect to buy and sell easily,4
2018-09-16 11:33:47,bad,2
2018-08-18 11:51:32,bad,1
2018-05-25 23:53:25,perfect and easy to use,5
2021-04-14 13:13:25,uauh terrible,3
2023-12-21 17:00:25,neutral,3
2018-03-24 13:04:44,"terrible UI, deleted",5
2019-10-15 06:20:31,perfect and easy to use,1
2021-01-03 21:20:27,very bad,5
2019-02-08 08:32:54,good,4
2020-09-17 18:09:45,wish it had a easier way to load with money,3
2019-11-20 22:59:48,"i dont hate it, but i dont love it either..",3
2019-03-14 22:00:41,excellent,3
2023-07-23 09:25:40,"i dont hate it, but i dont love it either..",3
2018-05-21 02:10:28,trash app,4
2017-04-03 01:12:33,bad app,5
2021-04-17 20:55:08,hard to tell sometimes good sometimes badnot good not bad.. does the job,4
2019-06-18 23:35:39,2 out of 5dont even install,2
2021-01-15 14:30:06,soooo good,2
2019-12-24 01:18:29,soooo good,1
2019-06-06 20:05:44,GREAT APP,5
2017-01-01 20:41:04,"terrible , so slowcant believe how bad it is",5
2020-04-10 17:28:00,very bad,1
2021-06-01 22:59:41,perfection,1
2023-03-16 06:24:32,neutral,3
2021-12-21 10:00:50,soooo good,2
2018-10-08 20:00:47,perfect and easy to use,2
2021-12-23 06:22:30,omg fantastic,2
2018-08-19 18:40:10,"cant be that bad, but its not perfectnever again using",2
2022-12-03 17:50:33,"cant be that bad, but its not perfectnever again using",5
2019-11-18 05:56:16,perfect to buy and sell easily,4
2021-12-29 14:06:30,mediocre,4
2018-11-17 07:52:00,wish it had a easier way to load with money,1
2021-08-06 02:34:39,wish it had a easier way to load with money,1
2019-05-04 17:32:08,2 out of 5dont even install,1
2022-06-02 10:51:29,uauh terrible,1
2017-12-04 14:00:44,soooo good,4
2021-10-24 01:28:10,excellent,2
2017-12-13 02:20:58,perfect and easy to use,5
2017-09-23 14:06:12,neutral,4
2018-10-25 18:29:25,wow so good,2
2021-07-23 20:19:22,2 out of 5dont even install,2
2020-03-22 16:10:53,amazing app i recommend,1
2022-02-14 08:35:18,hard to tell sometimes good sometimes badnot good not bad.. does the job,4
2017-10-16 15:48:56,"terrible UI, deleted",4
2017-01-28 03:08:06,3 out of 5 i guess,1
2021-09-15 03:06:37,very bad,3
2020-04-15 22:05:39,soooo good,2
2023-10-23 21:40:27,"i dont hate it, but i dont love it either..",3
2018-01-23 07:06:53,wish it had a easier way to load with money,3
2022-10-29 11:15:56,very bad,1
2019-09-06 00:22:37,"terrible UI, deleted",1
2022-08-01 16:47:54,3 out of 5 i guess,5
2022-03-09 10:57:34,excellent,3
2018-10-15 09:02:59,"i dont hate it, but i dont love it either..",1
2018-04-22 17:44:22,amazing app i recommend,1
2017-02-07 22:42:50,3 out of 5 i guess,1
2021-09-09 00:24:07,perfection,5
2017-02-21 22:02:55,perfection,5
2018-03-13 15:29:28,GREAT APP,1
2017-08-04 15:14:04,very bad,1
2021-09-27 01:06:10,perfect and easy to use,1
2020-08-24 06:55:00,3 out of 5 i guess,3
2017-01-11 07:41:06,"terrible UI, deleted",1
2019-08-10 05:05:57,wow so good,2
2023-03-19 01:09:54,excellent,5
2020-01-01 21:32:20,perfect and easy to use,4
2020-01-29 23:30:50,perfect and easy to use,1
2021-07-13 09:21:09,very good,3
2023-02-26 05:53:57,wow so good,4
2020-01-29 01:03:26,hard to tell sometimes good sometimes badnot good not bad.. does the job,5
2021-02-14 09:17:03,very bad,3
2017-02-22 14:20:09,omg fantastic,3
2019-01-01 07:33:19,omg fantastic,2
2017-01-27 09:52:02,uauh terrible,5
2023-08-24 03:28:29,3 out of 5 i guess,4
2021-07-29 12:50:32,uauh terrible,3
2020-08-27 12:26:23,amazing app i recommend,2
2022-12-25 14:59:36,perfection,3
2017-04-04 12:02:29,omg fantastic,1
2021-03-24 06:08:16,perfect and easy to use,1
2018-10-03 13:07:04,"cant be that bad, but its not perfectnever again using",5
2019-03-11 02:26:53,"i dont hate it, but i dont love it either..",2
2022-12-10 11:14:39,very good,2
2023-07-20 21:33:43,hard to tell sometimes good sometimes badnot good not bad.. does the job,3
2021-10-14 07:54:26,bad,4
2023-10-10 07:31:24,perfection,2
2022-06-09 01:25:00,bad,1
2020-06-26 20:54:13,soooo good,3
2023-11-23 11:04:53,neutral,5
2018-01-09 05:13:00,neutral,4
2018-01-26 11:25:16,excellent,2
2020-10-20 03:37:41,perfect to buy and sell easily,5
2020-03-01 21:47:38,"i dont hate it, but i dont love it either..",5
2022-07-13 19:12:17,recommend having good phone otherwise will be harddoes the job,5
2022-11-10 14:48:08,GREAT APP,3
2022-08-29 21:30:47,wish it had a easier way to load with money,2
2019-11-22 15:11:05,recommend having good phone otherwise will be harddoes the job,1
2017-05-13 06:10:40,2 out of 5dont even install,2
2020-10-11 13:30:39,uauh terrible,4
2017-03-15 16:14:01,uauh terrible,2
2023-08-19 23:11:29,GREAT APP,4
2023-10-14 02:03:48,trash app,1
2023-03-28 08:57:42,excellent,4
2021-06-22 10:17:06,wish it had a easier way to load with money,3
2017-08-14 11:55:54,wow so good,5
2021-06-06 12:09:18,"terrible UI, deleted",1
2017-12-31 03:41:53,recommend having good phone otherwise will be harddoes the job,4
2022-02-21 20:44:58,excellent,2
2017-03-17 23:46:25,excellent,3
2020-04-03 18:17:23,trash app,4
2018-05-30 19:55:18,neutral,3
2018-08-14 16:17:29,hard to tell sometimes good sometimes badnot good not bad.. does the job,1
2022-09-11 12:53:09,wow so good,4
2021-04-24 23:35:14,GREAT APP,3
2023-04-28 01:14:51,good,5
2023-10-03 14:15:28,mediocre,5
2020-08-12 19:33:36,GREAT APP,3
2022-08-12 13:57:35,wish it had a easier way to load with money,1
2018-08-09 10:00:24,recommend having good phone otherwise will be harddoes the job,3
2022-06-28 00:05:33,wish it had a easier way to load with money,2
2018-04-17 07:13:10,perfect and easy to use,3
2022-07-18 01:34:58,"terrible UI, deleted",5
2023-04-23 16:46:52,recommend having good phone otherwise will be harddoes the job,1
2017-11-19 07:51:04,recommend having good phone otherwise will be harddoes the job,3
2017-06-27 15:58:28,2 out of 5dont even install,3
2017-05-02 23:00:35,omg fantastic,5
2017-03-03 06:23:49,uauh terrible,4
2018-05-13 07:51:35,wish it had a easier way to load with money,3
2019-02-19 20:08:25,uauh terrible,1
2018-12-04 19:06:23,"i dont hate it, but i dont love it either..",3
2020-08-28 14:47:47,excellent,1
2023-01-12 13:18:33,soooo good,3
2019-12-07 11:16:22,"i dont hate it, but i dont love it either..",3
2021-04-15 12:00:37,"terrible , so slowcant believe how bad it is",5
2023-11-23 06:41:43,neutral,1
2022-07-02 22:11:15,"terrible UI, deleted",1
2020-05-14 05:51:15,omg fantastic,4
2017-07-02 14:17:48,excellent,4
2018-06-19 15:28:21,neutral,3
2019-08-25 05:45:27,bad,4
2017-05-05 07:19:45,bad app,3
2022-09-27 03:42:21,very good,1
2018-12-13 04:31:44,very good,2
2019-12-27 20:32:09,"terrible UI, deleted",1
2021-11-06 03:52:49,"terrible , so slowcant believe how bad it is",3
2018-08-14 18:39:30,omg fantastic,5
2021-03-19 22:40:29,perfect to buy and sell easily,4
2023-11-23 13:57:39,3 out of 5 i guess,1
2019-08-31 07:23:15,very good,3
2019-11-07 14:27:20,amazing app i recommend,2
2017-11-08 12:11:12,bad,3
2021-08-13 08:25:19,amazing app i recommend,4
2018-11-23 12:43:24,"terrible , so slowcant believe how bad it is",3
2023-04-06 13:50:22,excellent,1
2023-09-15 07:09:06,excellent,4
2021-04-20 21:13:35,wish it had a easier way to load with money,5
2023-06-11 07:51:56,GREAT APP,4
2021-06-04 18:43:52,"i dont hate it, but i dont love it either..",2
2019-03-04 04:34:10,2 out of 5dont even install,2
2023-09-18 23:00:41,perfect to buy and sell easily,1
2019-05-28 17:11:26,recommend having good phone otherwise will be harddoes the job,3
2021-06-04 06:24:51,recommend having good phone otherwise will be harddoes the job,1
2023-07-17 20:39:58,soooo good,4
2023-11-28 05:56:14,"i dont hate it, but i dont love it either..",5
2017-10-10 20:08:16,perfection,4
2017-07-11 02:15:19,amazing app i recommend,3
2017-04-28 16:19:47,trash app,1
2023-07-13 16:24:24,3 out of 5 i guess,1
2021-03-05 13:19:22,"terrible UI, deleted",2
2023-11-29 10:48:52,bad,2
2017-11-21 23:33:07,"terrible UI, deleted",1
2023-12-11 20:11:03,"i dont hate it, but i dont love it either..",1
2019-10-01 10:18:01,omg fantastic,5
2020-04-01 06:08:28,3 out of 5 i guess,2
2021-10-18 12:20:08,amazing app i recommend,2
2020-11-16 21:05:58,perfect and easy to use,1
2023-05-22 15:14:38,"terrible , so slowcant believe how bad it is",5
2017-08-19 03:16:41,excellent,1
2019-11-12 09:53:03,mediocre,4
2022-05-23 03:43:12,"terrible UI, deleted",2
2020-04-21 02:17:38,bad app,4
2020-02-21 04:50:11,GREAT APP,2
2020-09-28 08:39:32,perfect and easy to use,2
2017-09-28 09:42:05,perfect and easy to use,3
2022-07-18 16:12:45,2 out of 5dont even install,4
2019-07-06 12:22:35,very bad,5
2020-07-21 19:24:31,amazing app i recommend,1
2023-08-15 02:00:43,"terrible UI, deleted",1
2018-03-12 11:21:02,"i dont hate it, but i dont love it either..",4
2018-11-28 06:07:51,uauh terrible,3
2019-05-19 10:44:24,mediocre,1
2017-06-28 17:31:58,"i dont hate it, but i dont love it either..",2
2017-06-15 09:52:34,"i dont hate it, but i dont love it either..",4
2020-10-31 02:09:12,perfect to buy and sell easily,1
2017-11-22 10:43:49,3 out of 5 i guess,2
2018-09-12 20:04:56,perfect to buy and sell easily,1
2023-03-28 15:34:46,bad,5
2023-07-17 11:45:12,"cant be that bad, but its not perfectnever again using",3
2018-10-12 08:19:00,good,4
2019-06-03 21:24:13,trash app,2
2021-04-01 15:42:17,uauh terrible,3
2023-04-07 00:16:00,very good,2
2020-08-27 02:02:03,excellent,3
2017-04-07 14:27:21,"terrible UI, deleted",1
2019-03-03 04:56:08,good,2
2023-03-31 05:47:27,"terrible UI, deleted",4
2021-04-26 12:01:31,bad app,2
2022-10-07 16:42:30,wow so good,1
2020-08-29 12:04:31,very good,4
2017-02-23 11:42:36,neutral,2
2023-03-08 23:06:44,neutral,5
2020-12-26 21:38:59,wow so good,1
2020-08-01 10:43:59,soooo good,1
2018-09-30 00:21:01,very bad,4
2020-12-05 18:42:09,"i dont hate it, but i dont love it either..",5
2018-01-21 12:56:45,very good,3
2021-05-04 10:11:51,uauh terrible,3
2018-07-16 00:54:14,"cant be that bad, but its not perfectnever again using",1
2018-08-20 09:02:58,bad,2
2023-09-18 01:59:53,good,3
2019-10-01 07:57:35,hard to tell sometimes good sometimes badnot good not bad.. does the job,2
2019-11-29 21:47:20,perfect to buy and sell easily,3
2021-04-22 10:22:00,hard to tell sometimes good sometimes badnot good not bad.. does the job,5
2019-04-18 07:34:03,3 out of 5 i guess,1
2021-06-22 14:44:18,bad app,4
2021-05-23 19:42:00,perfect to buy and sell easily,1
2023-12-25 14:47:03,"terrible , so slowcant believe how bad it is",4
2017-08-22 15:09:19,omg fantastic,5
2020-08-22 12:07:44,3 out of 5 i guess,2
2018-06-28 00:05:18,wow so good,5
2023-01-08 16:55:34,neutral,1
2020-09-18 14:08:42,3 out of 5 i guess,3
2022-04-27 05:54:05,amazing app i recommend,1
2020-08-25 16:18:47,3 out of 5 i guess,2
2021-09-16 16:51:06,excellent,1
2023-03-18 22:31:40,bad,2
2019-12-06 06:19:39,wish it had a easier way to load with money,2
2022-08-07 17:56:58,"terrible UI, deleted",3
2019-07-31 01:27:47,omg fantastic,1
2018-01-28 03:46:33,"terrible , so slowcant believe how bad it is",3
2017-02-03 22:50:39,very bad,2
2023-11-09 20:10:44,very good,2
2019-12-15 11:18:54,GREAT APP,1
2017-10-13 01:44:11,"i dont hate it, but i dont love it either..",3
2021-08-20 17:53:11,perfection,2
2019-02-10 00:57:52,2 out of 5dont even install,2
2020-07-29 23:40:10,perfection,4
2020-02-06 21:10:19,very good,2
2018-01-14 01:00:07,amazing app i recommend,3
2017-11-13 05:42:43,bad,2
2020-07-31 22:31:09,perfection,2
2023-12-25 08:30:06,3 out of 5 i guess,2
2022-12-20 17:10:53,uauh terrible,4
2022-02-17 06:52:07,amazing app i recommend,4
2023-12-07 04:00:42,"cant be that bad, but its not perfectnever again using",5
2021-11-08 20:05:26,very bad,4
2023-02-01 15:31:28,"cant be that bad, but its not perfectnever again using",2
2019-09-15 09:49:20,perfection,2
2023-12-10 05:14:11,bad app,2
2021-09-13 18:20:41,perfect and easy to use,3
2018-11-16 15:22:49,very good,5
2019-07-06 10:39:06,very bad,1
2020-09-30 19:22:51,excellent,3
2021-06-19 02:54:46,wow so good,5
2019-05-09 03:00:43,perfection,5
2022-03-24 03:26:57,GREAT APP,5
2020-06-16 06:07:17,soooo good,1
2022-12-14 05:52:44,"cant be that bad, but its not perfectnever again using",5
2023-03-24 09:18:35,soooo good,1
2023-05-17 16:23:46,hard to tell sometimes good sometimes badnot good not bad.. does the job,3
2020-05-21 16:27:57,good,4
2018-09-25 04:28:30,3 out of 5 i guess,1
2019-09-29 22:25:00,very bad,4
2023-11-02 06:43:11,wish it had a easier way to load with money,1
2019-07-06 04:25:47,hard to tell sometimes good sometimes badnot good not bad.. does the job,2
2022-06-20 15:36:32,bad,3
2022-11-08 13:14:32,bad,3
2023-02-20 21:21:18,"i dont hate it, but i dont love it either..",4
2017-12-03 02:24:35,"terrible , so slowcant believe how bad it is",4
2023-03-02 07:34:18,perfect to buy and sell easily,2
2021-11-19 15:41:27,recommend having good phone otherwise will be harddoes the job,3
2018-07-11 19:31:54,mediocre,3
2023-11-18 22:40:12,soooo good,4
2018-02-16 04:04:01,wow so good,1
2022-01-02 19:38:05,"cant be that bad, but its not perfectnever again using",3
2019-02-19 06:20:05,"i dont hate it, but i dont love it either..",1
2018-06-08 13:35:45,bad,1
2019-07-30 03:01:16,perfection,5
2019-02-03 15:11:19,excellent,1
2023-01-11 12:18:21,3 out of 5 i guess,1
2021-10-29 13:53:45,trash app,5
2017-04-08 19:41:34,perfect and easy to use,3
2021-08-06 22:58:00,"cant be that bad, but its not perfectnever again using",1
2017-12-17 13:21:45,recommend having good phone otherwise will be harddoes the job,2
2019-08-27 21:39:33,hard to tell sometimes good sometimes badnot good not bad.. does the job,5
2019-09-20 12:55:25,"terrible UI, deleted",1
2017-02-01 02:20:47,very good,3
2017-04-07 17:00:53,uauh terrible,2
2020-05-06 11:48:16,omg fantastic,4
2021-03-26 17:03:39,mediocre,5
2022-06-30 18:23:04,neutral,1
2020-09-06 12:38:14,bad app,3
2021-05-06 21:34:55,mediocre,3
2017-04-20 07:17:17,bad app,2
2019-10-24 17:10:30,recommend having good phone otherwise will be harddoes the job,2
2017-07-04 21:02:04,"terrible , so slowcant believe how bad it is",4
2019-07-27 06:00:14,omg fantastic,3
2021-08-28 01:56:01,perfection,4
2019-03-29 21:11:25,wow so good,1
2022-04-14 15:35:52,trash app,3
2023-11-04 16:54:18,2 out of 5dont even install,1
2023-06-20 07:16:05,perfect to buy and sell easily,5
2018-11-03 09:42:23,hard to tell sometimes good sometimes badnot good not bad.. does the job,1
2020-10-23 18:12:20,wow so good,1
2022-10-18 04:18:16,"i dont hate it, but i dont love it either..",5
2017-07-30 09:07:03,trash app,3
2020-10-28 16:07:22,GREAT APP,2
2022-04-08 19:01:53,perfect to buy and sell easily,3
2018-01-27 01:10:48,neutral,4
2019-09-16 14:18:17,uauh terrible,2
2023-02-15 03:21:50,"i dont hate it, but i dont love it either..",2
2017-11-07 03:33:02,trash app,1
2018-09-30 03:50:27,bad app,3
2020-12-18 10:20:17,3 out of 5 i guess,5
2022-11-30 06:11:52,bad,2
2019-05-05 11:50:58,perfect and easy to use,5
2019-05-06 07:38:49,bad app,1
2019-07-14 05:01:14,mediocre,1
2023-09-27 07:00:43,bad,4
2021-02-08 22:26:22,3 out of 5 i guess,4
2017-12-05 22:20:46,mediocre,2
2017-04-19 20:44:16,wish it had a easier way to load with money,3
2018-01-20 01:19:56,"cant be that bad, but its not perfectnever again using",5
2022-07-08 16:24:59,excellent,1
2019-10-05 15:06:25,bad app,1
2023-07-18 22:19:19,3 out of 5 i guess,4
2020-08-19 01:01:32,very bad,3
2021-02-20 06:13:44,bad app,1
2020-03-02 12:04:13,"cant be that bad, but its not perfectnever again using",1
2022-08-14 15:03:53,omg fantastic,4
2019-01-19 12:32:36,very bad,3
2018-10-10 06:37:17,"terrible , so slowcant believe how bad it is",2
2020-11-09 16:49:53,3 out of 5 i guess,2
2021-10-18 11:43:04,amazing app i recommend,4
2021-07-06 19:35:00,"cant be that bad, but its not perfectnever again using",4
2018-09-02 13:57:31,mediocre,5
2019-11-06 07:51:57,perfect to buy and sell easily,5
2019-10-24 01:34:33,soooo good,3
2017-12-31 22:57:42,"terrible , so slowcant believe how bad it is",3
2023-02-22 03:11:17,very good,2
2018-09-19 11:11:36,neutral,5
2017-06-05 19:55:52,uauh terrible,4
2019-10-22 19:13:29,mediocre,3
2021-10-23 06:41:51,trash app,3
2018-07-08 03:44:49,trash app,3
2019-12-02 20:47:38,"cant be that bad, but its not perfectnever again using",5
2021-02-04 22:36:51,uauh terrible,1
2023-02-15 20:13:06,bad app,4
2023-06-03 21:55:34,perfect and easy to use,1
2019-04-30 18:53:08,bad app,3
2018-08-29 19:17:35,very bad,5
2020-11-04 06:39:39,very good,1
2020-07-18 23:36:54,very bad,2
2019-12-12 07:33:43,omg fantastic,1
2021-11-10 08:15:37,recommend having good phone otherwise will be harddoes the job,5
2017-06-01 20:56:00,trash app,4
2020-06-13 11:00:30,very bad,1
2023-02-26 14:28:02,uauh terrible,1
2019-09-21 12:39:51,wow so good,2
2018-07-13 11:53:57,amazing app i recommend,3
2020-04-29 02:08:33,uauh terrible,4
2018-10-22 07:19:30,perfect and easy to use,4
2021-02-21 09:50:09,perfect and easy to use,5
2017-12-12 02:13:36,uauh terrible,1
2021-08-22 05:10:56,perfection,5
2018-10-06 22:19:06,recommend having good phone otherwise will be harddoes the job,4
2019-09-02 05:50:29,amazing app i recommend,3
2020-02-11 04:28:59,trash app,2
2023-05-18 10:02:12,perfect and easy to use,2
2021-02-12 12:25:54,omg fantastic,3
2017-06-14 14:52:03,hard to tell sometimes good sometimes badnot good not bad.. does the job,4
2017-04-25 05:33:15,omg fantastic,2
2023-05-18 17:32:01,GREAT APP,5
2021-05-16 17:45:31,soooo good,1
2020-04-16 15:02:43,hard to tell sometimes good sometimes badnot good not bad.. does the job,2
2018-05-25 11:59:27,3 out of 5 i guess,2
2019-11-28 15:48:28,omg fantastic,2
2022-06-08 06:11:22,"terrible , so slowcant believe how bad it is",5
2019-05-15 17:04:11,"terrible UI, deleted",4
2022-03-09 03:14:37,perfect and easy to use,4
2018-02-05 10:24:41,good,2
2019-10-17 00:04:35,mediocre,4
2017-03-04 22:48:06,wish it had a easier way to load with money,5
2021-08-04 15:18:46,2 out of 5dont even install,1
2017-07-10 07:57:31,bad,2
2017-07-10 17:38:21,very good,1
2023-07-27 20:19:40,omg fantastic,5
2017-11-21 17:14:34,2 out of 5dont even install,4
2021-05-10 19:26:58,2 out of 5dont even install,4
2019-12-18 07:38:11,uauh terrible,4
2018-02-23 08:29:10,very bad,3
2021-09-12 14:22:36,perfect and easy to use,2
2018-02-19 07:19:33,omg fantastic,2
2020-01-23 20:25:21,perfect and easy to use,2
2018-11-02 10:30:44,"i dont hate it, but i dont love it either..",5
2023-01-14 04:47:57,trash app,1
2017-10-05 13:04:24,soooo good,2
2023-03-29 07:59:58,wish it had a easier way to load with money,3
2023-11-10 05:39:26,perfect and easy to use,5
2023-12-19 22:03:36,3 out of 5 i guess,3
2023-03-01 01:02:48,"i dont hate it, but i dont love it either..",5
2023-06-06 07:12:50,perfection,2
2020-08-16 16:05:22,omg fantastic,2
2020-06-10 03:37:42,perfect to buy and sell easily,3
2019-12-12 00:47:29,bad app,1
2018-01-14 21:54:27,wish it had a easier way to load with money,3
2017-04-15 23:29:48,neutral,5
2018-08-05 17:35:05,omg fantastic,2
2018-09-02 06:32:35,mediocre,4
2017-10-09 03:39:17,neutral,2
2022-07-29 09:02:15,neutral,2
2019-01-02 06:11:49,bad app,1
2018-05-31 12:54:41,"i dont hate it, but i dont love it either..",3
2021-01-21 04:48:54,soooo good,1
2018-01-06 23:19:27,2 out of 5dont even install,4
2021-04-12 07:35:27,soooo good,3
2023-03-16 09:28:23,neutral,2
2018-03-28 08:27:52,"i dont hate it, but i dont love it either..",1
2021-10-09 06:01:47,good,4
2023-08-13 10:08:08,perfection,5
2021-06-02 00:13:14,2 out of 5dont even install,4
2023-07-08 12:36:23,"cant be that bad, but its not perfectnever again using",4
2019-02-12 06:31:58,amazing app i recommend,3
2019-07-18 19:56:36,excellent,4
2017-11-04 22:43:06,soooo good,5
2023-09-01 12:20:58,3 out of 5 i guess,3
2021-12-11 19:28:42,soooo good,5
2017-03-27 15:23:34,"i dont hate it, but i dont love it either..",4
2023-02-23 19:36:38,mediocre,2
2023-06-14 04:17:51,GREAT APP,4
2023-09-09 22:07:33,very good,3
2019-04-11 01:25:04,perfect and easy to use,3
2022-12-04 04:31:53,amazing app i recommend,3
2017-03-22 23:52:29,amazing app i recommend,2
2021-07-17 12:21:48,bad,5
2018-04-23 02:36:52,very bad,4
2020-02-15 20:58:32,very bad,5
2017-01-23 07:55:54,recommend having good phone otherwise will be harddoes the job,3
2021-01-07 09:17:18,hard to tell sometimes good sometimes badnot good not bad.. does the job,2
2021-11-29 18:23:37,very bad,1
2019-06-16 11:36:58,wow so good,1
2021-12-24 22:57:32,neutral,2
2021-04-29 14:14:43,trash app,4
2021-01-13 04:38:15,bad,5
2022-10-10 10:46:27,soooo good,3
2021-01-11 19:24:29,perfection,3
2017-08-27 20:03:48,perfection,4
2022-05-16 15:14:51,wow so good,4
2021-08-23 01:17:25,trash app,3
2019-07-27 01:49:04,"cant be that bad, but its not perfectnever again using",3
2020-04-25 14:37:22,3 out of 5 i guess,3
2017-07-29 12:06:51,good,5
2023-02-08 13:38:46,"i dont hate it, but i dont love it either..",3
2018-05-08 10:46:55,bad,4
2022-06-23 16:33:44,hard to tell sometimes good sometimes badnot good not bad.. does the job,4
2017-09-09 19:24:47,wow so good,5
2023-11-07 18:32:26,wish it had a easier way to load with money,3
2017-07-26 09:57:29,omg fantastic,4
2017-07-19 11:16:13,good,3
2022-12-26 03:25:44,very good,4
2023-03-28 22:01:15,bad,5
2022-04-24 22:17:00,mediocre,4
2019-09-23 13:38:09,uauh terrible,3
2017-04-26 14:28:33,perfect to buy and sell easily,2
2020-08-17 10:13:22,amazing app i recommend,4
2019-10-26 17:55:24,3 out of 5 i guess,2
2017-03-09 20:21:43,uauh terrible,3
2017-01-06 18:59:32,"i dont hate it, but i dont love it either..",2
2020-06-08 12:59:52,3 out of 5 i guess,2
2023-08-30 15:43:55,bad app,1
2021-12-08 06:01:50,"terrible , so slowcant believe how bad it is",3
2018-04-26 06:34:25,bad app,4
2018-09-22 15:17:37,trash app,3
2018-08-29 20:59:17,bad,5
2018-04-24 01:23:56,"terrible , so slowcant believe how bad it is",5
2020-11-25 22:24:04,perfect to buy and sell easily,3
2021-12-07 10:29:50,bad app,5
2019-12-29 19:59:08,trash app,3
2018-11-17 01:59:26,bad app,2
2019-04-21 22:13:21,hard to tell sometimes good sometimes badnot good not bad.. does the job,2
2017-12-16 06:26:20,trash app,1
2022-07-01 15:07:50,good,5
2023-07-28 18:04:49,perfect to buy and sell easily,3
2018-12-07 09:28:36,bad,5
2022-02-17 03:01:13,good,1
2019-01-20 11:59:42,hard to tell sometimes good sometimes badnot good not bad.. does the job,1
2021-09-23 06:09:47,very bad,2
2017-01-19 23:20:42,neutral,3
2019-02-02 11:14:05,amazing app i recommend,1
2019-01-22 18:12:08,perfection,3
2023-12-11 03:05:53,mediocre,3
2017-04-21 03:43:50,wish it had a easier way to load with money,2
2019-09-01 12:56:21,amazing app i recommend,5
2017-01-05 03:31:56,bad app,1
2020-02-25 16:06:48,very bad,1
2023-06-30 15:24:06,"cant be that bad, but its not perfectnever again using",5
2021-05-17 03:23:45,excellent,5
2023-02-15 13:00:07,"terrible UI, deleted",4
2018-01-10 11:36:28,uauh terrible,4
2017-05-14 11:13:07,perfect to buy and sell easily,3
2023-02-08 08:15:36,"terrible , so slowcant believe how bad it is",5
2019-12-17 01:02:36,"cant be that bad, but its not perfectnever again using",1
2022-02-25 04:45:50,trash app,1
2023-07-27 08:40:29,GREAT APP,3
2018-05-27 01:33:05,trash app,3
2017-08-20 13:20:57,soooo good,3
2022-06-21 20:40:47,perfect and easy to use,1
2023-12-08 13:18:16,perfect and easy to use,2
2023-07-07 21:06:39,bad,2
2018-02-06 00:59:15,recommend having good phone otherwise will be harddoes the job,5
2017-01-30 04:57:27,bad app,3
2017-05-31 02:27:03,omg fantastic,5
2020-06-26 01:46:29,bad,3
2020-01-22 04:56:52,soooo good,3
2017-12-20 07:46:47,omg fantastic,5
2020-12-28 03:58:55,wow so good,5
2021-08-09 18:31:00,wish it had a easier way to load with money,2
2018-12-16 10:27:45,very bad,1
2018-02-10 09:25:58,GREAT APP,2
2020-03-03 13:37:03,trash app,4
2020-05-09 18:26:59,"cant be that bad, but its not perfectnever again using",1
2022-02-09 10:37:24,very bad,4
2022-03-10 19:37:58,perfection,1
2023-04-02 08:25:39,neutral,5
2019-02-03 06:46:25,uauh terrible,1
2021-10-26 04:38:35,neutral,5
2021-12-10 14:17:45,soooo good,3
2017-07-25 18:06:41,mediocre,4
2017-05-02 19:45:08,excellent,1
2017-06-07 20:11:42,"cant be that bad, but its not perfectnever again using",4
2021-11-15 18:53:26,soooo good,4
2017-09-06 12:36:20,"i dont hate it, but i dont love it either..",2
2023-06-27 09:05:06,very bad,1
2018-04-06 13:52:05,very good,1
2020-04-08 20:18:00,3 out of 5 i guess,2
2018-09-05 08:50:11,neutral,3
2022-12-26 06:25:37,bad,5
2019-10-14 23:13:55,uauh terrible,1
2020-09-21 04:03:15,uauh terrible,3
2022-11-25 03:43:14,2 out of 5dont even install,5
2018-09-07 17:14:36,uauh terrible,5
2019-08-31 12:32:45,perfection,4
2017-06-13 18:57:45,2 out of 5dont even install,4
2021-12-03 15:56:00,very good,5
2019-09-19 12:07:04,"i dont hate it, but i dont love it either..",4
2017-03-20 13:43:22,amazing app i recommend,1
2023-04-12 19:06:24,very good,5
2019-12-20 03:22:59,"terrible , so slowcant believe how bad it is",3
2019-05-16 01:15:38,omg fantastic,1
2020-11-14 20:02:20,good,5
2017-10-27 05:21:34,hard to tell sometimes good sometimes badnot good not bad.. does the job,5
2022-01-02 08:32:42,uauh terrible,2
2023-09-05 14:13:03,wish it had a easier way to load with money,1
2018-10-12 09:37:34,bad,2
2019-04-23 02:53:59,trash app,4
2021-08-04 08:29:11,perfection,3
2019-10-24 06:52:42,wow so good,5
2023-03-01 14:27:53,very good,5
2018-03-19 11:37:48,3 out of 5 i guess,1
2020-08-20 04:04:45,mediocre,3
2021-03-31 09:30:32,good,3
2023-07-03 17:03:37,very good,3
2021-02-10 18:47:09,hard to tell sometimes good sometimes badnot good not bad.. does the job,2
2017-12-11 18:31:35,uauh terrible,3
2023-07-08 22:53:15,"terrible , so slowcant believe how bad it is",4
2017-03-01 15:46:39,perfect to buy and sell easily,3
2023-02-10 05:29:54,"terrible UI, deleted",4
2022-12-05 02:41:47,soooo good,2
2017-03-31 22:15:19,hard to tell sometimes good sometimes badnot good not bad.. does the job,2
2017-07-24 09:13:12,recommend having good phone otherwise will be harddoes the job,1
2022-06-26 05:37:20,3 out of 5 i guess,1
2022-03-09 08:48:43,good,4
2020-08-03 18:23:08,mediocre,5
2019-08-18 15:01:38,very good,5
2023-04-30 00:11:36,2 out of 5dont even install,4
2017-03-01 14:11:52,omg fantastic,2
2023-03-16 04:56:31,"terrible , so slowcant believe how bad it is",5
2019-03-14 06:03:02,wow so good,4
2022-10-03 12:18:55,bad app,2
2019-02-12 17:31:53,bad app,3
2017-09-16 13:20:46,"terrible , so slowcant believe how bad it is",2
2021-06-06 06:12:47,very good,3
2019-10-17 00:57:53,good,2
2017-07-04 22:25:15,perfect and easy to use,1
2019-02-21 12:32:49,very bad,5
2020-07-24 06:38:26,3 out of 5 i guess,5
2017-10-28 18:08:45,bad,4
2021-12-17 14:00:28,"terrible , so slowcant believe how bad it is",3
2021-07-21 16:51:04,good,2
2021-09-03 23:04:37,excellent,1
2023-12-08 12:42:13,"terrible , so slowcant believe how bad it is",2
2019-11-14 14:58:18,"terrible , so slowcant believe how bad it is",2
2018-07-16 01:08:31,perfect to buy and sell easily,4
2019-07-04 00:41:56,very bad,3
2023-10-18 17:04:45,perfection,4
2018-08-26 23:22:56,bad,3
2017-02-07 03:04:13,wow so good,4
2020-04-04 14:37:46,perfect and easy to use,5
2022-02-07 03:54:15,perfection,2
2019-08-29 00:24:07,amazing app i recommend,1
2021-05-01 00:05:26,"terrible , so slowcant believe how bad it is",3
2018-12-19 04:35:42,"i dont hate it, but i dont love it either..",4
2020-09-09 02:46:09,wow so good,1
2023-10-05 09:38:59,trash app,3
2022-02-27 15:35:00,wow so good,5
2022-07-10 12:04:01,"terrible , so slowcant believe how bad it is",2
2017-08-22 02:39:39,very good,3
2017-08-16 17:16:46,wish it had a easier way to load with money,4
2023-06-09 10:25:05,soooo good,3
2018-01-04 16:22:01,good,2
2019-11-11 18:30:10,omg fantastic,5
2023-10-10 04:09:37,3 out of 5 i guess,4
2023-10-27 23:58:24,amazing app i recommend,5
2019-06-02 23:11:41,perfect and easy to use,3
2021-06-13 02:00:00,bad app,3
2023-08-28 13:33:50,bad app,3
2018-08-23 10:31:09,perfect and easy to use,5
2017-08-01 21:55:44,"terrible UI, deleted",5
2023-10-21 15:09:58,bad,4
2023-02-20 04:45:09,excellent,4
2018-09-09 10:44:02,GREAT APP,1
2020-07-14 07:54:19,omg fantastic,1
2018-08-27 05:32:36,recommend having good phone otherwise will be harddoes the job,1
2023-11-06 08:39:33,"i dont hate it, but i dont love it either..",5
2022-09-03 07:53:59,perfect and easy to use,5
2022-09-04 02:38:43,excellent,3
2021-04-07 03:24:59,neutral,1
2018-09-05 03:40:33,very good,3
2019-05-09 09:48:08,recommend having good phone otherwise will be harddoes the job,2
2019-05-06 10:05:34,mediocre,1
2019-08-29 08:06:10,very good,1
2021-07-30 23:02:52,very bad,3
2019-03-10 16:44:20,perfect to buy and sell easily,3
2020-08-04 07:24:59,amazing app i recommend,4
2017-11-26 00:53:46,very good,1
2020-09-07 03:43:54,perfect and easy to use,2
2019-05-01 07:07:22,hard to tell sometimes good sometimes badnot good not bad.. does the job,5
2018-02-18 00:04:14,very bad,5
2023-03-09 08:01:02,perfect to buy and sell easily,1
2017-07-14 00:55:40,bad app,1
2021-05-25 18:23:03,"terrible , so slowcant believe how bad it is",4
2020-05-07 02:46:05,very good,4
2021-10-08 00:45:15,excellent,5
2020-12-24 04:31:08,uauh terrible,3
2019-12-24 09:40:52,wish it had a easier way to load with money,4
2023-09-21 02:05:46,"terrible UI, deleted",1
2017-10-07 03:37:58,amazing app i recommend,2
2019-10-24 12:18:47,"cant be that bad, but its not perfectnever again using",5
2022-05-16 15:34:47,bad,1
2018-02-07 05:49:10,good,4
2023-11-28 18:27:03,recommend having good phone otherwise will be harddoes the job,2
2018-11-15 18:45:45,2 out of 5dont even install,5
2018-11-23 00:51:38,"terrible , so slowcant believe how bad it is",4
2023-11-12 13:56:52,mediocre,1
2023-12-18 00:06:15,bad app,3
2022-01-16 15:42:41,good,1
2020-12-24 06:41:40,excellent,1
2023-10-24 12:13:43,wish it had a easier way to load with money,4
2023-09-06 14:34:15,amazing app i recommend,5
2019-09-03 17:08:21,mediocre,2
2019-05-07 15:56:12,perfect and easy to use,2
2023-12-06 03:01:48,wow so good,4
2021-06-06 19:06:09,"terrible , so slowcant believe how bad it is",1
2020-12-24 04:17:14,hard to tell sometimes good sometimes badnot good not bad.. does the job,2
2023-03-22 13:09:01,recommend having good phone otherwise will be harddoes the job,5
2023-04-13 22:29:40,wow so good,5
2021-03-07 13:47:45,perfect and easy to use,3
2023-08-26 13:05:59,GREAT APP,1
2017-11-22 19:48:01,"cant be that bad, but its not perfectnever again using",4
2022-05-18 06:20:12,bad,5
2022-06-30 22:06:09,omg fantastic,4
2017-09-09 00:25:05,recommend having good phone otherwise will be harddoes the job,1
2017-01-27 06:06:42,bad,2
2020-12-29 11:32:36,mediocre,4
2017-04-30 16:17:03,perfect and easy to use,4
2020-11-20 13:28:29,perfection,1
2021-03-08 23:09:31,hard to tell sometimes good sometimes badnot good not bad.. does the job,1
2022-08-28 04:14:57,recommend having good phone otherwise will be harddoes the job,4
2021-04-06 01:46:17,excellent,3
2021-03-26 20:38:28,omg fantastic,4
2023-08-13 09:13:14,bad,1
2023-06-27 07:54:30,very bad,3
2017-01-01 08:04:41,3 out of 5 i guess,1
2017-12-17 09:54:59,bad,1
2018-11-30 02:29:44,GREAT APP,3
2021-04-09 09:29:49,"terrible , so slowcant believe how bad it is",2
2021-05-23 06:10:40,perfect and easy to use,2
2019-05-31 13:59:36,bad app,1
2019-09-28 08:01:33,neutral,3
2019-07-14 02:35:04,"i dont hate it, but i dont love it either..",2
2022-08-08 06:11:44,neutral,3
2018-03-21 05:17:52,good,1
2023-02-11 03:43:45,very good,4
2021-05-26 12:02:20,good,2
2021-09-04 21:48:10,neutral,4
2020-11-10 19:32:09,very good,3
2023-06-22 07:52:11,"cant be that bad, but its not perfectnever again using",1
2022-07-30 13:15:26,perfection,1
2018-05-11 17:18:10,soooo good,3
2019-01-03 16:44:08,"terrible , so slowcant believe how bad it is",5
2023-08-27 00:48:19,wish it had a easier way to load with money,5
2018-11-18 04:39:52,neutral,5
2021-01-27 21:28:32,GREAT APP,2
2017-08-05 07:06:59,wow so good,1
2017-05-20 14:12:15,excellent,3
2023-10-09 23:54:14,trash app,5
2019-06-20 04:36:50,excellent,2
2021-09-24 04:01:13,trash app,2
2020-10-03 12:10:40,wow so good,4
2022-05-03 15:23:50,trash app,3
2017-04-07 18:56:15,perfect and easy to use,1
2019-10-14 12:34:15,bad,5
2022-02-05 03:28:42,"terrible UI, deleted",5
2020-06-05 02:35:04,perfection,5
2017-07-21 11:34:42,"terrible , so slowcant believe how bad it is",1
2023-03-23 08:02:37,bad app,2
2021-03-31 09:28:13,"cant be that bad, but its not perfectnever again using",4
2018-06-18 10:33:47,very bad,1
2017-05-06 01:09:26,perfect and easy to use,4
2023-12-09 15:38:29,bad app,3
2019-03-02 02:52:47,perfection,2
2018-11-09 03:21:54,2 out of 5dont even install,5
2023-03-24 03:54:40,soooo good,1
2022-07-06 04:18:24,uauh terrible,5
2023-01-25 21:10:03,"cant be that bad, but its not perfectnever again using",3
2021-12-15 14:11:54,very good,3
2023-12-23 14:05:53,recommend having good phone otherwise will be harddoes the job,2
2022-07-18 18:50:58,excellent,2
2023-08-08 19:35:45,excellent,2
2023-12-19 02:30:47,trash app,4
2017-10-17 18:44:13,3 out of 5 i guess,5
2019-01-03 03:28:05,"terrible , so slowcant believe how bad it is",3
2023-11-29 00:59:48,perfect to buy and sell easily,5
2019-02-23 20:07:04,wow so good,3
2021-04-17 15:05:21,omg fantastic,4
2021-06-24 01:32:24,wow so good,5
2022-08-04 15:59:42,bad,1
2018-07-28 13:39:17,excellent,3
2019-01-20 12:57:20,excellent,2
2022-03-16 02:38:24,amazing app i recommend,3
2020-05-08 04:01:24,GREAT APP,1
2022-01-12 05:48:57,"i dont hate it, but i dont love it either..",4
2018-06-10 06:32:48,3 out of 5 i guess,4
2023-06-19 10:13:46,perfect to buy and sell easily,2
2019-03-06 16:11:19,bad,4
2023-09-06 05:50:45,good,3
2023-11-06 02:07:25,bad,4
2022-02-12 18:14:42,mediocre,2
2019-11-29 16:05:49,omg fantastic,4
2021-07-02 09:05:25,"cant be that bad, but its not perfectnever again using",3
2020-01-18 05:43:23,"terrible , so slowcant believe how bad it is",5
2022-01-19 21:24:12,"i dont hate it, but i dont love it either..",1
2019-11-21 08:03:34,neutral,3
2018-09-12 03:42:55,very bad,4
2017-09-28 22:49:15,very bad,4
2019-09-02 15:29:31,wow so good,2
2022-04-26 01:38:10,perfect to buy and sell easily,3
2017-12-03 11:17:13,trash app,1
2020-12-02 16:28:56,neutral,2
2020-09-19 12:29:15,"terrible , so slowcant believe how bad it is",3
2020-03-06 08:04:50,"cant be that bad, but its not perfectnever again using",2
2017-11-12 04:21:22,bad app,4
2020-01-26 08:44:27,perfection,3
2022-06-27 07:49:47,wow so good,1
2020-12-29 17:34:37,perfect and easy to use,3
2021-04-17 21:02:10,very good,5
2022-11-03 02:12:15,recommend having good phone otherwise will be harddoes the job,3
2018-05-08 20:50:36,uauh terrible,4
2018-05-27 17:33:56,2 out of 5dont even install,5
2022-10-05 11:35:04,mediocre,4
2017-02-12 21:26:45,mediocre,1
2022-06-29 10:59:30,excellent,5
2021-07-02 15:55:35,uauh terrible,4
2021-07-31 21:25:30,"i dont hate it, but i dont love it either..",5
2021-02-10 14:46:35,wow so good,3
2022-06-14 06:47:36,uauh terrible,5
2022-02-27 16:43:26,soooo good,5
2018-12-27 16:08:20,uauh terrible,5
2017-06-10 03:22:08,very bad,2
2017-11-10 16:23:57,2 out of 5dont even install,3
2018-12-20 01:33:01,very good,5
2018-06-26 04:15:30,perfect to buy and sell easily,4
2018-11-10 22:30:36,hard to tell sometimes good sometimes badnot good not bad.. does the job,4
2017-06-22 06:06:31,very good,2
2018-03-23 07:38:05,good,5
2018-06-21 11:27:52,2 out of 5dont even install,1
2022-08-21 18:30:18,2 out of 5dont even install,1
2019-10-11 19:07:29,perfect and easy to use,3
2020-12-30 13:33:13,GREAT APP,2
2017-07-04 15:32:19,soooo good,5
2018-03-07 12:45:07,soooo good,3
2017-09-03 23:03:10,soooo good,1
2019-10-03 12:42:05,amazing app i recommend,1
2018-11-21 13:43:26,recommend having good phone otherwise will be harddoes the job,1
2017-02-16 15:35:26,2 out of 5dont even install,4
2018-07-05 13:16:43,2 out of 5dont even install,1
2022-10-16 09:34:50,perfect to buy and sell easily,5
2018-06-01 21:12:23,bad app,4
2022-04-22 00:21:55,"cant be that bad, but its not perfectnever again using",4
2017-08-08 03:48:41,very bad,5
2022-04-25 05:09:48,"cant be that bad, but its not perfectnever again using",4
2017-03-17 10:04:57,very bad,3
2017-02-20 13:47:23,"terrible UI, deleted",2
2022-10-09 21:01:54,3 out of 5 i guess,5
2021-07-09 03:12:56,bad app,3
2021-11-06 00:02:59,"terrible UI, deleted",2
2017-03-11 15:48:02,mediocre,4
2019-02-18 23:12:26,recommend having good phone otherwise will be harddoes the job,3
2020-12-11 02:02:04,3 out of 5 i guess,2
2020-06-03 08:12:24,wish it had a easier way to load with money,1
2018-05-23 14:33:59,wow so good,3
2018-11-07 05:04:36,bad,2
2018-11-18 22:54:39,very bad,5
2023-04-05 17:59:49,perfect and easy to use,3
2020-06-02 18:32:51,uauh terrible,2
2018-10-19 20:47:41,neutral,4
2017-07-24 15:48:16,mediocre,3
2018-06-08 03:31:35,GREAT APP,2
2017-09-05 22:41:55,neutral,1
2017-12-02 11:04:11,"cant be that bad, but its not perfectnever again using",2
2023-01-21 10:26:19,perfect and easy to use,4
2022-04-28 01:55:12,perfection,4
2023-02-08 03:45:10,wish it had a easier way to load with money,1
2022-03-13 21:46:29,amazing app i recommend,3
2019-07-12 16:32:11,omg fantastic,4
2018-04-23 13:05:07,"cant be that bad, but its not perfectnever again using",1
2017-02-14 11:55:10,perfection,3
2020-06-30 17:21:55,"cant be that bad, but its not perfectnever again using",3
2017-07-26 19:46:24,perfection,3
2018-03-28 12:02:09,perfect and easy to use,1
2019-02-08 04:16:11,wish it had a easier way to load with money,4
2019-04-06 12:50:57,"terrible , so slowcant believe how bad it is",4
2018-11-29 22:55:35,omg fantastic,1
2021-12-07 13:17:06,hard to tell sometimes good sometimes badnot good not bad.. does the job,3
2017-08-17 03:59:25,hard to tell sometimes good sometimes badnot good not bad.. does the job,1
2021-11-07 03:30:25,good,2
2018-08-03 22:39:45,3 out of 5 i guess,1
2019-01-16 21:11:55,"i dont hate it, but i dont love it either..",5
2018-12-15 10:07:01,hard to tell sometimes good sometimes badnot good not bad.. does the job,2
2019-03-08 21:10:47,trash app,2
2020-03-17 14:34:50,uauh terrible,3
2017-02-24 05:54:40,excellent,4
2017-10-17 15:48:22,very bad,3
2021-10-13 02:43:13,good,3
2020-11-23 13:49:55,"terrible , so slowcant believe how bad it is",2
2017-07-10 16:12:03,"cant be that bad, but its not perfectnever again using",5
2021-05-24 22:49:55,"cant be that bad, but its not perfectnever again using",1
2019-09-07 11:58:03,recommend having good phone otherwise will be harddoes the job,5
2020-12-27 02:27:11,"terrible , so slowcant believe how bad it is",3
2019-12-10 15:00:26,wish it had a easier way to load with money,5
2019-07-29 03:19:17,bad app,5
2018-04-13 05:02:13,recommend having good phone otherwise will be harddoes the job,2
2023-12-23 09:33:14,"i dont hate it, but i dont love it either..",5
2022-08-29 00:39:57,very bad,5
2017-07-19 05:52:42,amazing app i recommend,1
2019-10-08 02:17:17,wish it had a easier way to load with money,3
2022-10-24 06:49:57,perfect to buy and sell easily,4
2020-09-19 18:38:25,2 out of 5dont even install,2
2023-07-26 22:10:07,neutral,3
2018-10-27 20:41:36,perfect and easy to use,3
2022-04-14 06:12:07,"terrible UI, deleted",3
2018-01-09 22:25:27,mediocre,3
2023-10-27 11:12:55,very good,1
2017-03-28 19:47:37,"i dont hate it, but i dont love it either..",1
2020-10-09 13:16:25,excellent,1
2018-08-15 03:15:11,uauh terrible,1
2017-11-23 17:19:52,"cant be that bad, but its not perfectnever again using",3
2018-07-11 14:22:18,neutral,2
2017-08-29 03:53:44,perfection,4
2022-07-05 16:00:46,bad app,5
2020-06-07 01:50:45,neutral,4
2019-05-19 22:23:16,GREAT APP,4
2017-11-18 08:10:05,neutral,1
2022-09-11 07:16:29,neutral,5
2022-09-10 19:37:52,uauh terrible,3
2022-10-03 00:46:56,"cant be that bad, but its not perfectnever again using",4
2018-12-18 11:19:06,very good,5
2022-02-14 21:15:48,"cant be that bad, but its not perfectnever again using",2
2019-05-19 07:51:18,hard to tell sometimes good sometimes badnot good not bad.. does the job,1
2020-07-27 05:04:24,excellent,2
2023-05-21 09:23:33,3 out of 5 i guess,3
2017-03-28 02:27:36,"terrible , so slowcant believe how bad it is",2
2021-12-03 09:13:59,excellent,2
2017-02-12 03:43:14,good,4
2018-01-04 23:34:43,bad,3
2020-02-25 14:58:13,good,5
2018-05-23 15:38:09,soooo good,1
2018-10-01 14:38:53,perfect and easy to use,1
2020-11-22 02:42:53,wow so good,3
2019-07-24 06:01:54,recommend having good phone otherwise will be harddoes the job,1
2023-12-03 14:44:09,2 out of 5dont even install,2
2023-07-01 06:46:59,excellent,3
2019-12-25 05:13:21,"cant be that bad, but its not perfectnever again using",3
2022-07-25 22:26:30,good,4
2019-09-06 23:42:36,excellent,4
2019-02-04 00:28:31,very good,3
2023-07-30 02:24:53,hard to tell sometimes good sometimes badnot good not bad.. does the job,1
2023-10-08 01:08:18,"cant be that bad, but its not perfectnever again using",3
2023-03-21 14:32:37,"terrible UI, deleted",2
2023-07-26 03:07:43,perfection,5
2022-06-27 00:47:00,neutral,4
2022-07-15 00:54:29,hard to tell sometimes good sometimes badnot good not bad.. does the job,2
2020-12-06 22:06:14,very good,2
2019-06-20 05:50:54,excellent,2
2018-01-27 18:50:52,hard to tell sometimes good sometimes badnot good not bad.. does the job,1
2019-12-09 13:03:09,2 out of 5dont even install,1
2022-07-21 17:13:51,bad app,4
2023-08-15 23:04:13,perfect and easy to use,1
2023-05-22 06:32:40,excellent,1
2023-05-10 02:28:31,wow so good,2
2021-09-30 21:48:47,amazing app i recommend,4
2023-12-20 03:53:20,wish it had a easier way to load with money,1
2021-02-21 19:59:40,good,2
2020-10-15 18:10:04,trash app,4
2018-03-30 13:17:02,bad app,3
2022-05-16 15:41:36,3 out of 5 i guess,2
2017-02-08 13:05:48,very good,4
2018-03-16 18:25:46,soooo good,2
2020-11-27 10:11:50,neutral,5
2018-01-21 03:55:53,perfect to buy and sell easily,4
2020-03-02 01:12:33,wow so good,2
2019-05-02 07:36:39,"terrible , so slowcant believe how bad it is",2
2019-11-12 21:07:32,"i dont hate it, but i dont love it either..",5
2021-07-05 14:14:45,mediocre,5
2018-08-13 16:47:34,good,1
2018-10-20 00:12:18,perfection,2
2022-09-30 11:04:31,very bad,5
2020-12-29 01:38:28,omg fantastic,2
2018-04-09 08:57:38,bad,3
2020-01-04 03:08:49,uauh terrible,5
2020-03-19 21:55:28,"terrible , so slowcant believe how bad it is",2
2018-04-08 21:08:59,omg fantastic,5
2023-05-14 11:02:59,very bad,3
2022-01-03 12:14:06,good,2
2020-07-13 03:52:27,neutral,3
2023-07-14 09:12:41,omg fantastic,3
2017-11-27 09:21:40,perfection,3
2017-06-08 02:26:34,very bad,4
2017-05-10 23:39:46,"terrible UI, deleted",1
2017-12-17 03:28:58,"cant be that bad, but its not perfectnever again using",2
2023-06-12 15:54:49,mediocre,1
2022-05-10 04:42:08,bad app,1
2020-12-02 14:38:34,perfect to buy and sell easily,1
2021-02-11 21:05:26,2 out of 5dont even install,5
2018-05-23 07:16:40,uauh terrible,2
2019-11-08 00:44:36,wish it had a easier way to load with money,4
2023-06-26 05:43:27,uauh terrible,1
2021-01-31 20:17:28,bad app,1
2018-01-28 07:22:55,bad app,3
2020-07-14 10:21:24,recommend having good phone otherwise will be harddoes the job,2
2018-01-24 10:03:27,excellent,2
2023-10-20 08:12:11,perfection,2
2018-06-06 20:07:32,neutral,3
2022-07-07 10:53:37,"terrible UI, deleted",2
2020-07-29 16:53:01,excellent,4
2018-02-23 07:59:22,hard to tell sometimes good sometimes badnot good not bad.. does the job,1
2019-08-07 01:19:08,omg fantastic,4
2019-02-24 08:16:09,perfect to buy and sell easily,3
2021-04-23 06:54:17,amazing app i recommend,1
2020-07-19 06:09:03,uauh terrible,1
2021-03-23 20:57:22,soooo good,5
2019-04-19 09:15:55,"terrible UI, deleted",4
2019-05-30 22:24:51,"terrible , so slowcant believe how bad it is",1
2022-06-26 00:04:33,perfect to buy and sell easily,4
2020-01-05 01:51:24,bad,1
2018-07-03 01:34:15,amazing app i recommend,4
2018-09-04 23:10:40,perfect to buy and sell easily,4
2021-03-23 16:09:11,very bad,4
2018-03-18 17:05:16,2 out of 5dont even install,5
2020-06-15 04:55:51,wish it had a easier way to load with money,4
2023-02-25 08:55:58,"terrible , so slowcant believe how bad it is",5
2021-09-21 20:32:46,bad,1
2023-06-11 11:29:04,recommend having good phone otherwise will be harddoes the job,5
2021-08-12 05:53:52,perfection,3
2021-07-19 17:45:12,"terrible UI, deleted",4
2023-12-03 18:54:25,soooo good,2
2020-10-28 09:40:56,trash app,3
2022-10-25 00:39:16,3 out of 5 i guess,5
2020-09-20 19:00:29,"i dont hate it, but i dont love it either..",1
2017-07-05 04:17:28,bad app,5
2023-10-26 01:27:16,"i dont hate it, but i dont love it either..",5
2021-05-27 23:24:40,"terrible , so slowcant believe how bad it is",2
2022-04-15 13:05:21,GREAT APP,5
2019-08-14 06:37:41,neutral,1
2018-09-13 06:19:53,2 out of 5dont even install,4
2021-01-20 21:56:51,perfection,2
2019-02-17 14:19:53,soooo good,1
2017-01-24 06:13:28,mediocre,5
2023-06-06 03:52:41,hard to tell sometimes good sometimes badnot good not bad.. does the job,5
2018-01-09 09:40:00,perfect to buy and sell easily,2
2020-04-17 07:02:43,perfect and easy to use,4
2021-07-26 04:44:21,hard to tell sometimes good sometimes badnot good not bad.. does the job,3
2017-07-21 02:29:28,recommend having good phone otherwise will be harddoes the job,1
2021-09-10 07:06:27,mediocre,1
2021-01-12 23:54:14,omg fantastic,2
2020-07-03 19:04:42,amazing app i recommend,1
2021-03-24 18:05:22,"terrible UI, deleted",3
2022-12-08 12:20:32,excellent,2
2017-07-22 15:07:45,bad app,1
2023-04-03 07:09:31,uauh terrible,3
2023-09-01 20:31:01,wish it had a easier way to load with money,1
2019-07-25 02:56:11,omg fantastic,1
2022-03-13 01:23:49,very bad,3
2020-01-23 06:48:30,perfect to buy and sell easily,3
2023-02-13 18:46:11,wow so good,5
2019-09-08 19:32:02,bad app,2
2022-07-04 09:14:02,neutral,1
2022-04-09 12:26:40,neutral,5
2018-12-04 16:34:02,"cant be that bad, but its not perfectnever again using",4
2020-04-04 09:15:16,soooo good,5
2020-12-05 02:56:14,bad,1
2018-09-15 04:53:14,"cant be that bad, but its not perfectnever again using",5
2021-08-25 14:53:28,very bad,5
2023-02-09 19:43:08,perfect to buy and sell easily,5
2020-12-16 06:14:41,trash app,1
2017-02-12 13:21:18,mediocre,1
2019-09-14 23:51:03,3 out of 5 i guess,4
2019-07-25 15:02:14,trash app,3
2023-10-02 06:52:15,perfect and easy to use,5
2022-05-03 15:34:56,wow so good,4
2022-10-20 13:35:18,neutral,2
2020-03-26 11:43:55,wow so good,5
2021-01-31 23:02:59,excellent,4
2023-12-23 02:15:27,soooo good,1
2018-03-21 20:50:34,recommend having good phone otherwise will be harddoes the job,4
2017-02-11 02:17:23,soooo good,1
2018-11-19 10:34:34,neutral,4
2023-09-08 11:44:45,"terrible UI, deleted",3
2019-04-16 02:51:28,perfect to buy and sell easily,4
2021-08-24 17:23:59,3 out of 5 i guess,3
2018-10-02 22:30:24,perfect to buy and sell easily,3
2018-01-31 18:23:23,amazing app i recommend,1
2023-04-03 10:03:57,bad app,3
2021-06-09 23:49:34,perfection,5
2020-07-17 15:32:35,3 out of 5 i guess,5
2017-11-18 04:51:06,wish it had a easier way to load with money,2
2020-07-27 19:03:25,excellent,3
2018-05-11 05:46:40,very good,4
2018-12-28 18:48:06,perfect to buy and sell easily,2
2023-01-04 02:49:58,"i dont hate it, but i dont love it either..",1
2017-08-09 09:26:52,excellent,4
2021-12-17 02:35:46,wish it had a easier way to load with money,4
2020-02-10 02:09:52,good,1
2023-04-13 11:05:28,uauh terrible,2
2020-03-27 23:23:22,3 out of 5 i guess,2
2020-07-15 22:54:38,"terrible UI, deleted",4
2020-12-07 07:06:12,very good,2
2022-04-04 11:48:03,"i dont hate it, but i dont love it either..",2
2018-08-25 10:59:45,amazing app i recommend,1
2022-11-25 03:59:48,soooo good,2
2018-04-19 22:48:23,good,1
2022-07-23 18:33:49,excellent,3
2023-12-17 12:12:42,recommend having good phone otherwise will be harddoes the job,5
2019-12-31 23:16:09,trash app,1
2017-10-07 06:04:35,trash app,2
2017-01-24 16:36:04,wish it had a easier way to load with money,2
2021-08-11 03:52:04,"terrible UI, deleted",1
2020-04-14 10:25:26,perfect to buy and sell easily,5
2020-08-30 16:20:54,perfection,5
2022-04-04 11:31:39,3 out of 5 i guess,3
2021-11-24 11:55:53,uauh terrible,2
2020-02-21 02:14:35,neutral,3
2022-01-13 20:37:36,"i dont hate it, but i dont love it either..",3
2019-12-25 22:32:35,omg fantastic,1
2023-04-18 09:04:24,2 out of 5dont even install,4
2020-06-06 10:30:04,2 out of 5dont even install,4
2023-01-22 11:53:35,soooo good,2
2018-03-14 01:36:39,perfect and easy to use,5
2018-07-05 21:03:55,omg fantastic,2
2018-01-11 12:13:30,2 out of 5dont even install,2
2018-05-31 07:14:00,perfect to buy and sell easily,2
2018-02-24 13:28:46,"terrible , so slowcant believe how bad it is",4
2020-12-26 00:15:17,3 out of 5 i guess,5
2018-06-12 16:18:45,perfection,5
2018-03-12 22:50:25,perfection,3
2023-03-05 17:00:29,very good,5
2020-03-21 09:33:53,soooo good,3
2022-05-28 22:30:51,bad app,1
2023-10-14 18:53:31,"cant be that bad, but its not perfectnever again using",2
2023-02-18 23:25:08,"terrible , so slowcant believe how bad it is",1
2017-08-21 10:32:59,perfect and easy to use,5
2021-06-11 04:01:07,GREAT APP,4
2019-04-06 01:29:08,3 out of 5 i guess,2
2022-03-30 16:07:37,perfect and easy to use,3
2020-09-26 10:02:06,very bad,2
2017-01-31 00:50:39,hard to tell sometimes good sometimes badnot good not bad.. does the job,1
2018-06-04 18:49:59,excellent,5
2023-02-27 16:36:55,2 out of 5dont even install,4
2018-12-13 22:36:47,bad app,2
2019-06-23 03:04:54,mediocre,4
2019-03-09 18:32:10,recommend having good phone otherwise will be harddoes the job,2
2020-11-04 12:41:53,soooo good,4
2019-02-12 20:34:32,bad,5
2019-11-24 18:54:09,2 out of 5dont even install,5
2017-09-20 02:40:52,wow so good,3
2022-06-25 17:27:57,amazing app i recommend,5
2017-02-11 00:23:06,3 out of 5 i guess,2
2020-06-29 08:24:44,neutral,2
2022-01-15 12:27:38,good,5
2020-12-17 15:57:56,perfect and easy to use,3
2022-07-31 14:40:03,"cant be that bad, but its not perfectnever again using",1
2019-06-19 01:46:48,wish it had a easier way to load with money,5
2020-03-11 14:13:31,neutral,4
2019-05-31 19:07:34,very bad,3
2023-12-15 06:53:01,neutral,4
2022-01-30 10:23:06,neutral,1
2020-02-23 17:51:07,perfection,4
2017-06-15 14:33:27,neutral,5
2022-06-07 10:22:02,recommend having good phone otherwise will be harddoes the job,1
2019-11-10 23:19:41,wow so good,3
2020-02-22 10:11:34,uauh terrible,4
2021-08-22 10:39:46,uauh terrible,5
2023-08-19 09:40:33,"i dont hate it, but i dont love it either..",5
2021-08-23 22:10:57,perfect to buy and sell easily,5
2020-12-10 20:55:04,"cant be that bad, but its not perfectnever again using",5
2023-03-13 13:01:41,good,2
2017-08-31 15:35:44,omg fantastic,4
2023-11-16 18:07:00,uauh terrible,1
2022-04-18 02:48:28,2 out of 5dont even install,5
2020-12-13 09:32:58,"i dont hate it, but i dont love it either..",5
2018-03-26 10:49:43,wow so good,3
2023-06-26 00:02:25,perfect and easy to use,4
2019-08-15 20:21:02,amazing app i recommend,5
2020-09-30 06:06:58,trash app,4
2022-05-29 16:35:26,"i dont hate it, but i dont love it either..",1
2021-06-13 04:43:25,recommend having good phone otherwise will be harddoes the job,3
2022-04-29 04:43:48,very bad,3
2019-02-03 16:22:20,bad,3
2017-02-05 12:13:18,amazing app i recommend,2
2023-08-10 11:41:00,perfect and easy to use,1
2018-10-12 10:28:41,recommend having good phone otherwise will be harddoes the job,3
2017-09-03 10:11:21,bad app,4
2021-07-01 19:48:11,soooo good,1
2019-11-25 12:33:53,good,1
2021-11-17 12:33:56,soooo good,5
2020-05-26 13:36:49,amazing app i recommend,5
2023-10-10 22:38:30,wow so good,1
2022-10-25 04:02:39,uauh terrible,4
2022-07-25 16:49:24,bad app,2
2020-10-27 19:11:24,2 out of 5dont even install,4
2023-12-02 09:36:43,bad,5
2021-03-15 11:56:50,excellent,5
2023-02-07 07:43:45,excellent,3
2020-10-13 07:50:42,wow so good,2
2021-06-30 13:33:51,excellent,4
2021-02-17 19:17:49,3 out of 5 i guess,3
2020-01-14 01:09:15,hard to tell sometimes good sometimes badnot good not bad.. does the job,4
2023-11-06 22:01:06,perfect to buy and sell easily,3
2018-09-30 12:37:16,"i dont hate it, but i dont love it either..",4
2020-03-28 02:36:23,very bad,2
2023-05-22 21:09:19,bad app,2
2023-08-19 06:10:10,wish it had a easier way to load with money,3
2023-04-19 21:27:24,very bad,1
2018-08-11 22:28:39,hard to tell sometimes good sometimes badnot good not bad.. does the job,1
2018-01-24 04:02:05,very good,1
2021-09-15 23:11:14,soooo good,5
2022-10-16 01:57:03,mediocre,4
2023-12-16 18:36:02,soooo good,4
2023-04-24 00:14:12,"terrible , so slowcant believe how bad it is",2
2017-12-05 21:26:37,perfect and easy to use,5
2023-01-05 20:13:45,very good,3
2017-11-23 08:07:26,soooo good,5
2018-10-06 15:14:26,wow so good,4
2019-11-08 14:54:16,"i dont hate it, but i dont love it either..",4
2021-08-12 02:57:19,3 out of 5 i guess,1
2023-02-03 17:15:47,bad,1
2018-09-05 16:06:13,"i dont hate it, but i dont love it either..",4
2018-09-06 08:34:40,soooo good,4
2018-04-27 07:54:39,bad app,2
2023-07-21 06:04:30,perfection,5
2020-03-11 19:36:09,very good,2
2019-05-23 20:16:51,mediocre,5
2022-02-17 23:22:39,bad app,4
2021-06-18 11:06:10,bad app,2
2022-04-05 15:22:37,recommend having good phone otherwise will be harddoes the job,5
2018-07-12 04:38:30,2 out of 5dont even install,1
2019-04-09 16:01:31,omg fantastic,4
2021-04-29 10:35:32,recommend having good phone otherwise will be harddoes the job,4
2019-12-02 11:03:42,omg fantastic,3
2021-09-14 17:23:44,2 out of 5dont even install,3
2019-09-06 02:32:37,excellent,3
2023-06-13 01:26:24,wow so good,2
2019-01-16 23:22:46,omg fantastic,2
2020-10-19 23:37:43,2 out of 5dont even install,5
2019-01-16 14:46:11,neutral,5
2021-07-25 15:41:32,very bad,5
2020-05-09 11:05:39,amazing app i recommend,2
2021-03-10 00:43:32,good,3
2022-12-16 02:39:02,bad app,5
2019-11-29 05:17:55,2 out of 5dont even install,2
2023-07-31 01:01:36,"terrible , so slowcant believe how bad it is",3
2019-10-12 18:21:42,hard to tell sometimes good sometimes badnot good not bad.. does the job,1
2022-07-17 12:49:27,GREAT APP,1
2023-11-11 22:40:25,"terrible , so slowcant believe how bad it is",1
2017-02-19 18:20:23,good,1
2021-12-01 23:12:50,"i dont hate it, but i dont love it either..",1
2022-04-01 09:22:42,trash app,3
2022-03-18 22:21:48,GREAT APP,2
2022-01-23 12:46:18,perfection,1
2022-12-08 17:19:15,perfection,4
2021-04-07 16:46:33,mediocre,5
2019-08-13 10:22:59,"i dont hate it, but i dont love it either..",1
2017-07-27 16:02:31,wish it had a easier way to load with money,5
2023-02-23 12:46:33,excellent,4
2023-12-04 18:27:59,very bad,4
2021-09-15 18:08:49,omg fantastic,1
2019-04-04 16:48:13,perfection,3
2022-03-07 14:20:28,recommend having good phone otherwise will be harddoes the job,1
2017-08-10 04:21:14,perfect and easy to use,5
2019-07-12 06:04:35,omg fantastic,4
2023-10-08 09:38:17,omg fantastic,3
2022-01-28 02:07:31,soooo good,5
2020-09-08 11:13:33,omg fantastic,2
2019-03-27 04:00:36,"i dont hate it, but i dont love it either..",3
2017-07-28 03:14:28,"i dont hate it, but i dont love it either..",1
2017-03-08 14:43:23,"terrible UI, deleted",4
2020-05-13 04:58:16,neutral,1
2023-03-13 18:36:24,perfect and easy to use,5
2022-09-23 12:13:35,wow so good,3
2023-06-13 08:08:22,3 out of 5 i guess,5
2017-07-24 04:26:52,perfect to buy and sell easily,5
2018-12-04 07:42:51,"i dont hate it, but i dont love it either..",2
2023-11-21 13:55:23,soooo good,4
2021-09-13 17:03:00,excellent,1
2020-06-14 06:47:44,very good,1
2021-04-19 09:53:36,omg fantastic,4
2022-12-14 22:58:03,"i dont hate it, but i dont love it either..",4
2020-02-05 18:45:19,soooo good,4
2019-06-06 07:28:29,bad,4
2021-11-16 10:28:22,uauh terrible,4
2020-03-29 21:23:35,hard to tell sometimes good sometimes badnot good not bad.. does the job,2
2020-06-24 14:57:37,omg fantastic,4
2022-08-16 00:22:39,very good,1
2021-07-05 15:22:47,recommend having good phone otherwise will be harddoes the job,1
2019-07-05 10:52:47,bad,3
2023-06-10 01:24:56,excellent,5
2021-12-11 17:55:14,"terrible UI, deleted",2
2022-05-01 21:46:35,"terrible , so slowcant believe how bad it is",4
2019-07-17 08:37:47,neutral,5
2021-08-14 00:05:20,2 out of 5dont even install,1
2019-02-10 15:31:30,perfect and easy to use,2
2018-09-20 17:53:34,amazing app i recommend,5
2021-04-17 03:06:24,excellent,5
2019-01-19 20:56:35,wish it had a easier way to load with money,3
2022-01-16 19:36:59,3 out of 5 i guess,2
2017-10-16 07:54:05,soooo good,2
2021-03-03 20:19:05,mediocre,3
2022-01-27 05:25:41,wow so good,2
2022-11-14 12:51:00,perfect and easy to use,3
2023-01-10 06:59:19,neutral,3
2021-06-12 14:41:23,soooo good,3
2022-05-30 01:47:45,very good,5
2017-01-25 23:32:21,"i dont hate it, but i dont love it either..",2
2018-09-25 20:04:59,good,2
2022-04-22 17:00:57,"terrible UI, deleted",3
2017-06-25 20:52:42,bad app,1
2023-07-22 23:54:02,perfection,5
2017-11-14 23:23:12,"i dont hate it, but i dont love it either..",5
2021-07-20 01:52:42,omg fantastic,4
2019-12-30 03:01:02,"cant be that bad, but its not perfectnever again using",5
2018-10-24 19:50:47,GREAT APP,2
2019-05-28 13:45:34,uauh terrible,4
2019-08-09 21:47:34,amazing app i recommend,4
2019-06-26 06:21:11,GREAT APP,1
2018-09-02 14:45:31,hard to tell sometimes good sometimes badnot good not bad.. does the job,3
2018-07-02 15:58:58,GREAT APP,4
2019-10-15 13:21:07,perfect and easy to use,5
2017-10-30 09:33:36,very good,4
2019-10-28 18:23:58,neutral,5
2018-04-24 08:02:20,"i dont hate it, but i dont love it either..",3
2020-09-16 01:29:15,perfect and easy to use,3
2018-07-29 17:39:53,recommend having good phone otherwise will be harddoes the job,4
2022-09-16 10:13:33,neutral,3
2022-10-04 21:25:13,3 out of 5 i guess,4
2019-08-29 10:49:43,very bad,1
2020-02-16 10:23:49,neutral,2
2018-10-09 03:04:26,mediocre,4
2019-05-19 03:01:06,perfection,3
2019-05-22 09:52:24,very bad,3
2020-12-09 20:20:52,neutral,1
2018-10-15 05:47:37,perfection,1
2018-02-14 19:29:58,wish it had a easier way to load with money,1
2022-07-21 00:34:49,"terrible , so slowcant believe how bad it is",2
2018-05-17 05:01:32,very bad,3
2020-01-17 00:57:55,3 out of 5 i guess,3
2019-09-14 21:19:59,3 out of 5 i guess,3
2022-11-19 22:30:01,neutral,1
2022-12-04 13:04:55,excellent,4
2022-04-24 12:25:33,good,4
2017-05-27 18:09:35,wow so good,4
2022-08-17 05:48:51,bad app,3
2021-01-30 21:31:34,bad app,5
2019-07-29 09:33:16,wow so good,3
2022-05-21 05:46:52,perfect to buy and sell easily,4
2017-12-16 20:52:58,"i dont hate it, but i dont love it either..",3
2020-11-13 08:47:30,wow so good,4
2019-09-01 12:48:48,perfection,1
2021-03-31 07:17:17,"terrible , so slowcant believe how bad it is",2
2022-11-18 16:17:21,hard to tell sometimes good sometimes badnot good not bad.. does the job,4
2021-01-16 09:18:05,bad app,1
2022-09-30 18:07:30,recommend having good phone otherwise will be harddoes the job,4
2023-01-02 05:52:14,perfection,5
2019-12-28 14:49:34,"cant be that bad, but its not perfectnever again using",4
2021-02-01 12:55:59,3 out of 5 i guess,4
2023-05-23 11:06:49,"terrible UI, deleted",1
2022-04-22 16:13:41,amazing app i recommend,1
2018-11-22 12:58:30,omg fantastic,4
2021-08-07 01:40:53,"terrible UI, deleted",3
2020-02-21 08:03:57,amazing app i recommend,5
2018-01-11 07:18:00,perfect and easy to use,4
2017-01-25 08:29:25,very good,1
2019-04-30 11:20:29,bad,2
2019-11-19 18:04:03,recommend having good phone otherwise will be harddoes the job,3
2020-09-30 18:12:25,good,5
2017-12-29 10:48:51,good,1
2022-05-17 07:07:16,wow so good,3
2020-11-04 16:27:17,trash app,2
2019-11-04 23:16:22,neutral,2
2022-09-23 11:46:28,perfect and easy to use,1
2020-11-26 00:01:30,trash app,2
2020-08-16 12:40:14,perfect to buy and sell easily,3
2021-02-22 11:08:11,perfection,5
2021-02-19 14:11:55,amazing app i recommend,5
2017-07-28 21:53:24,perfect to buy and sell easily,3
2019-03-25 08:48:51,bad app,5
2019-10-17 05:36:38,hard to tell sometimes good sometimes badnot good not bad.. does the job,1
2023-12-11 09:30:48,GREAT APP,1
2023-10-16 21:15:00,GREAT APP,1
2019-09-30 19:41:59,"terrible , so slowcant believe how bad it is",5
2017-10-29 05:15:50,uauh terrible,5
2022-04-13 16:54:59,3 out of 5 i guess,1
2021-09-15 18:54:34,2 out of 5dont even install,2
2021-09-06 04:03:07,perfection,3
2019-11-22 03:03:57,perfection,4
2023-01-18 13:12:47,excellent,1
2019-03-09 06:20:05,perfect to buy and sell easily,4
2022-10-14 04:10:56,perfect to buy and sell easily,3
2021-10-22 16:13:44,2 out of 5dont even install,3
2022-07-09 18:30:21,hard to tell sometimes good sometimes badnot good not bad.. does the job,3
2023-07-03 15:46:30,uauh terrible,1
2017-08-25 03:29:44,very bad,5
2022-12-18 04:35:09,"cant be that bad, but its not perfectnever again using",4
2020-06-30 08:31:16,3 out of 5 i guess,3
2021-06-11 10:42:07,excellent,5
2022-08-12 17:30:02,hard to tell sometimes good sometimes badnot good not bad.. does the job,1
2017-10-31 21:42:24,2 out of 5dont even install,3
2018-06-08 23:50:11,very good,3
2021-01-03 15:00:56,excellent,4
2021-09-25 09:17:04,very good,4
2017-01-25 00:39:54,uauh terrible,1
2021-06-01 05:30:01,trash app,5
2019-05-16 08:40:07,wish it had a easier way to load with money,4
2018-09-19 12:11:45,"i dont hate it, but i dont love it either..",4
2019-04-25 11:40:57,very bad,3
2019-09-14 00:26:06,wow so good,1
2019-08-11 07:59:30,excellent,5
2017-11-30 03:47:39,good,4
2023-03-28 09:23:52,GREAT APP,1
2019-08-18 16:26:37,"terrible UI, deleted",2
2019-04-23 00:13:30,wish it had a easier way to load with money,4
2021-12-23 19:42:25,perfection,1
2018-10-19 17:04:26,excellent,5
2022-05-13 07:31:50,bad,4
2020-06-20 18:29:31,3 out of 5 i guess,1
2022-12-04 20:23:35,uauh terrible,3
2021-05-12 03:56:17,wish it had a easier way to load with money,2
2019-06-24 10:51:39,neutral,2
2022-10-31 10:52:43,trash app,3
2022-08-06 02:49:22,hard to tell sometimes good sometimes badnot good not bad.. does the job,5
2022-08-24 07:45:11,bad,3
2020-06-13 14:06:53,mediocre,1
2022-01-23 10:04:18,"cant be that bad, but its not perfectnever again using",1
2020-07-15 10:30:03,wow so good,5
2023-12-02 18:35:45,3 out of 5 i guess,5
2022-12-13 16:55:38,soooo good,1
2022-10-29 08:04:37,soooo good,4
2021-03-12 17:01:55,uauh terrible,2
2020-06-06 12:29:33,trash app,4
2017-02-19 19:57:04,very good,3
2020-08-28 21:02:24,trash app,4
2019-11-30 14:44:35,3 out of 5 i guess,4
2017-11-19 22:34:37,uauh terrible,1
2020-03-04 13:51:56,very bad,3
2020-04-30 05:15:37,hard to tell sometimes good sometimes badnot good not bad.. does the job,4
2020-10-05 15:19:05,GREAT APP,4
2020-04-24 10:29:04,"terrible , so slowcant believe how bad it is",5
2018-04-08 10:13:21,2 out of 5dont even install,1
2021-11-05 13:51:52,mediocre,3
2019-11-27 11:03:55,"cant be that bad, but its not perfectnever again using",5
2020-07-30 13:06:01,bad app,3
2017-09-15 20:26:39,omg fantastic,3
2019-03-19 13:03:58,good,1
2017-03-09 05:23:49,good,2
2022-01-17 03:34:56,neutral,3
2020-03-10 05:46:45,recommend having good phone otherwise will be harddoes the job,5
2018-12-25 03:38:58,excellent,2
2022-03-26 15:42:24,neutral,5
2021-09-14 02:26:20,neutral,5
2019-09-30 10:44:40,recommend having good phone otherwise will be harddoes the job,4
2019-08-20 13:25:17,very good,1
2021-06-15 00:57:42,excellent,2
2019-12-04 05:30:23,2 out of 5dont even install,2
2018-09-25 07:14:03,omg fantastic,5
2018-09-14 07:14:25,very good,1
2020-07-03 09:12:20,perfect to buy and sell easily,4
2022-09-18 20:10:11,very bad,2
2020-04-07 08:00:41,3 out of 5 i guess,1
2019-01-16 12:30:11,neutral,2
2020-02-04 09:13:47,perfection,1
2018-04-25 05:58:01,wow so good,1
2018-05-03 15:06:28,"terrible UI, deleted",1
2021-11-14 09:10:55,excellent,1
2017-02-10 19:08:16,GREAT APP,1
2020-07-26 18:48:10,3 out of 5 i guess,2
2017-09-18 00:55:19,amazing app i recommend,1
2021-02-17 14:24:26,bad app,4
2021-09-07 02:47:08,perfection,5
2020-07-23 08:46:00,perfection,5
2023-07-28 12:59:01,omg fantastic,1
2021-06-04 20:47:06,"terrible UI, deleted",5
2023-06-28 21:04:26,3 out of 5 i guess,2
2018-12-20 11:20:35,"terrible UI, deleted",4
2020-06-16 18:44:30,"terrible UI, deleted",4
2022-02-01 08:21:00,2 out of 5dont even install,4
2019-01-29 04:13:00,wish it had a easier way to load with money,4
2023-06-20 14:12:49,perfect to buy and sell easily,5
2022-06-30 03:10:23,good,1
2020-10-06 03:33:48,wow so good,2
2019-09-10 13:37:43,hard to tell sometimes good sometimes badnot good not bad.. does the job,5
2018-03-20 18:04:54,good,4
2018-04-28 19:30:19,amazing app i recommend,4
2017-11-09 19:46:32,recommend having good phone otherwise will be harddoes the job,5
2018-06-04 09:58:37,perfect and easy to use,2
2020-04-12 14:50:37,very good,5
2023-12-04 01:02:36,"i dont hate it, but i dont love it either..",5
2022-08-21 18:08:59,soooo good,1
2023-02-22 21:31:43,"i dont hate it, but i dont love it either..",1
2017-09-27 00:20:04,wow so good,1
2018-03-01 13:21:33,uauh terrible,1
2020-01-26 11:36:41,"terrible UI, deleted",4
2019-01-09 04:43:19,soooo good,3
2020-03-02 23:42:00,excellent,5
2021-09-15 18:04:50,wow so good,5
2017-10-11 19:28:20,"terrible , so slowcant believe how bad it is",5
2019-04-30 12:34:37,excellent,1
2017-07-22 11:01:32,omg fantastic,4
2017-08-21 20:00:10,bad app,3
2019-11-29 23:16:49,2 out of 5dont even install,2
2019-11-13 13:01:11,"cant be that bad, but its not perfectnever again using",3
2019-10-22 06:15:28,"cant be that bad, but its not perfectnever again using",3
2020-09-27 13:45:03,recommend having good phone otherwise will be harddoes the job,2
2017-11-02 14:54:25,"terrible UI, deleted",4
2017-05-02 04:13:31,very bad,5
2022-02-06 10:09:38,2 out of 5dont even install,3
2023-03-08 03:47:00,wish it had a easier way to load with money,4
2021-09-16 06:13:16,recommend having good phone otherwise will be harddoes the job,4
2017-04-04 23:28:55,3 out of 5 i guess,2
2021-01-17 22:09:50,"terrible UI, deleted",5
2019-05-23 14:52:11,soooo good,5
2018-03-08 13:48:30,hard to tell sometimes good sometimes badnot good not bad.. does the job,1
2022-03-04 16:39:27,soooo good,3
2017-01-29 05:57:13,"terrible , so slowcant believe how bad it is",5
2017-11-03 16:16:13,soooo good,4
2022-08-02 20:35:51,"terrible , so slowcant believe how bad it is",3
2019-12-03 19:56:03,"i dont hate it, but i dont love it either..",5
2022-04-18 22:38:46,wish it had a easier way to load with money,5
2019-07-31 02:12:47,"i dont hate it, but i dont love it either..",4
2023-10-20 18:41:31,perfect and easy to use,1
2019-03-18 00:11:39,hard to tell sometimes good sometimes badnot good not bad.. does the job,5
2023-09-27 19:11:45,excellent,2
2021-11-11 11:19:05,trash app,4
2023-03-14 15:11:47,"cant be that bad, but its not perfectnever again using",4
2022-04-08 21:44:27,wish it had a easier way to load with money,2
2017-02-07 21:28:17,wish it had a easier way to load with money,5
2022-07-01 08:00:00,excellent,4
2021-06-15 19:17:13,recommend having good phone otherwise will be harddoes the job,2
2019-09-21 22:55:51,perfection,2
2018-08-13 17:40:30,neutral,5
2021-04-18 17:28:56,wow so good,1
2021-05-13 08:21:24,"cant be that bad, but its not perfectnever again using",3
2021-01-06 18:10:09,recommend having good phone otherwise will be harddoes the job,4
2018-05-13 19:09:56,bad,2
2020-08-12 09:25:21,"i dont hate it, but i dont love it either..",1
2022-07-28 19:07:54,bad app,1
2023-05-20 22:25:39,good,5
2021-10-14 04:00:58,wow so good,5
2023-09-13 20:31:18,2 out of 5dont even install,4
2023-06-23 10:01:09,omg fantastic,3
2019-02-21 01:55:23,trash app,2
2023-04-21 04:39:44,good,1
2018-12-07 20:37:19,trash app,1
2019-06-26 10:45:30,"cant be that bad, but its not perfectnever again using",1
2017-08-25 04:14:41,"cant be that bad, but its not perfectnever again using",1
2018-10-28 03:20:08,neutral,1
2020-08-09 02:08:35,mediocre,2
2022-08-15 14:19:23,amazing app i recommend,4
2022-02-11 13:51:58,"terrible , so slowcant believe how bad it is",3
2021-04-16 09:55:52,"terrible UI, deleted",3
2017-07-28 22:02:26,wish it had a easier way to load with money,2
2017-06-29 04:18:19,excellent,5
2023-03-13 03:56:58,hard to tell sometimes good sometimes badnot good not bad.. does the job,5
2017-01-03 05:00:18,"cant be that bad, but its not perfectnever again using",1
2018-07-16 12:13:14,bad app,4
2018-06-22 20:37:24,wow so good,1
2019-08-21 00:13:59,mediocre,4
2018-06-20 08:05:36,good,1
2019-09-22 01:47:29,soooo good,5
2020-05-07 13:34:06,recommend having good phone otherwise will be harddoes the job,4
2017-02-15 05:46:42,mediocre,3
2017-11-19 16:30:53,trash app,2
2017-11-05 00:01:04,trash app,2
2017-12-01 19:40:20,bad app,2
2023-05-28 11:52:13,"i dont hate it, but i dont love it either..",5
2023-04-04 13:57:03,wow so good,3
2019-11-24 19:11:04,bad,5
2018-11-24 05:39:29,mediocre,3
2017-07-31 11:38:57,GREAT APP,2
2019-04-10 06:02:01,perfection,1
2023-01-15 20:09:29,soooo good,5
2023-08-26 00:54:48,neutral,2
2020-02-25 01:21:13,uauh terrible,3
2018-05-27 02:48:37,amazing app i recommend,1
2018-05-11 06:25:48,"terrible , so slowcant believe how bad it is",3
2017-10-11 10:15:17,recommend having good phone otherwise will be harddoes the job,1
2018-05-29 06:48:59,"i dont hate it, but i dont love it either..",2
2019-05-03 22:06:42,trash app,1
2021-10-28 13:23:42,wish it had a easier way to load with money,5
2020-12-29 19:52:34,uauh terrible,4
2019-06-27 17:12:57,very good,5
2017-07-27 15:51:35,"i dont hate it, but i dont love it either..",5
2023-05-31 14:12:38,very good,1
2023-07-30 01:00:23,"terrible , so slowcant believe how bad it is",4
2018-06-15 03:07:05,"cant be that bad, but its not perfectnever again using",5
2020-09-14 17:47:41,good,5
2020-11-30 04:03:17,"i dont hate it, but i dont love it either..",4
2019-09-29 08:25:51,"i dont hate it, but i dont love it either..",3
2021-08-31 22:12:17,perfect and easy to use,1
2018-11-11 13:34:32,soooo good,4
2019-04-19 05:55:58,uauh terrible,2
2019-01-12 11:20:58,"terrible , so slowcant believe how bad it is",4
2022-01-09 14:58:18,"i dont hate it, but i dont love it either..",5
2020-04-10 23:01:29,good,3
2020-08-09 11:27:26,mediocre,5
2022-01-22 16:07:11,trash app,1
2019-04-23 06:14:44,"terrible UI, deleted",2
2018-02-15 22:21:03,excellent,4
2022-06-29 16:25:51,excellent,3
2021-02-24 03:57:08,trash app,5
2017-03-24 02:40:08,wow so good,3
2018-07-22 15:57:01,wow so good,3
2018-02-06 11:15:16,perfection,4
2017-03-11 18:28:24,bad app,3
2021-09-05 13:01:49,GREAT APP,5
2017-09-05 23:37:48,amazing app i recommend,3
2022-08-15 23:26:10,hard to tell sometimes good sometimes badnot good not bad.. does the job,2
2020-10-03 17:07:11,excellent,4
2020-08-28 07:50:37,uauh terrible,2
2021-01-05 05:24:00,trash app,4
2019-12-23 16:45:07,mediocre,5
2023-05-29 23:34:29,excellent,3
2019-06-27 21:24:22,perfect to buy and sell easily,4
2019-09-07 21:43:39,trash app,2
2022-02-18 18:49:02,wish it had a easier way to load with money,4
2019-08-29 22:02:12,2 out of 5dont even install,3
2023-07-06 02:27:39,"terrible UI, deleted",2
2018-02-12 13:25:59,"terrible , so slowcant believe how bad it is",5
2020-06-14 14:19:01,uauh terrible,2
2017-10-09 11:44:10,very bad,2
2019-02-17 21:42:11,GREAT APP,1
2020-08-09 17:13:42,wow so good,3
2020-11-27 06:56:46,uauh terrible,3
2019-01-03 10:01:19,perfection,5
2023-10-13 04:19:50,GREAT APP,5
2022-05-01 09:36:47,"i dont hate it, but i dont love it either..",4
2018-04-20 20:18:29,wish it had a easier way to load with money,2
2021-07-02 18:15:57,"i dont hate it, but i dont love it either..",4
2022-07-10 12:42:45,omg fantastic,1
2019-06-26 06:59:30,perfect and easy to use,4
2021-07-29 03:55:08,omg fantastic,1
2020-10-29 14:22:15,"i dont hate it, but i dont love it either..",4
2019-03-06 03:51:43,2 out of 5dont even install,5
2021-11-18 17:03:45,bad app,3
2019-07-27 15:34:19,hard to tell sometimes good sometimes badnot good not bad.. does the job,4
2020-09-17 01:49:45,amazing app i recommend,3
2018-01-16 04:54:12,"terrible , so slowcant believe how bad it is",2
2020-06-29 00:27:53,"terrible , so slowcant believe how bad it is",2
2023-08-05 10:56:15,GREAT APP,2
2019-01-23 09:33:11,good,3
2018-05-08 14:19:04,soooo good,4
2021-07-02 07:12:01,uauh terrible,3
2023-08-26 17:17:26,wow so good,3
2022-03-15 13:10:36,excellent,4
2018-08-09 10:15:37,bad,3
2021-02-14 04:10:31,trash app,3
2019-09-28 07:42:25,neutral,2
2022-01-14 20:56:18,perfect and easy to use,5
2019-11-11 10:17:59,wish it had a easier way to load with money,4
2019-07-29 20:12:12,mediocre,5
2020-12-07 23:11:04,mediocre,4
2022-04-17 06:36:24,"cant be that bad, but its not perfectnever again using",4
2017-09-12 14:47:11,recommend having good phone otherwise will be harddoes the job,1
2018-05-28 19:28:30,omg fantastic,4
2023-01-23 14:07:31,"terrible , so slowcant believe how bad it is",5
2021-05-03 20:32:51,"terrible , so slowcant believe how bad it is",5
2018-06-07 05:02:42,"cant be that bad, but its not perfectnever again using",2
2019-08-30 23:17:42,very good,4
2017-06-27 23:18:26,soooo good,4
2017-01-09 13:31:48,uauh terrible,4
2018-06-19 21:43:04,trash app,1
2018-05-23 20:49:15,recommend having good phone otherwise will be harddoes the job,4
2023-04-04 03:51:13,2 out of 5dont even install,2
2018-01-29 02:18:11,bad app,2
2020-10-06 12:37:50,"terrible UI, deleted",1
2022-07-24 18:25:28,good,4
2023-06-13 08:04:51,"terrible , so slowcant believe how bad it is",4
2022-11-24 18:16:35,"terrible UI, deleted",2
2023-08-08 19:29:50,"i dont hate it, but i dont love it either..",5
2020-04-01 20:43:14,"i dont hate it, but i dont love it either..",2
2021-09-21 10:30:14,amazing app i recommend,1
2018-08-06 06:20:37,wow so good,3
2019-12-19 15:01:53,recommend having good phone otherwise will be harddoes the job,3
2021-12-30 11:29:34,hard to tell sometimes good sometimes badnot good not bad.. does the job,1
2017-04-01 06:28:14,recommend having good phone otherwise will be harddoes the job,1
2019-04-30 14:31:34,uauh terrible,2
2022-10-29 20:26:44,perfect to buy and sell easily,1
2017-08-29 06:13:45,2 out of 5dont even install,4
2021-07-10 13:41:31,omg fantastic,1
2023-12-28 03:50:01,amazing app i recommend,5
2022-03-11 08:49:32,recommend having good phone otherwise will be harddoes the job,2
2023-09-29 12:37:14,bad app,2
2018-03-18 10:23:59,omg fantastic,4
2017-09-28 07:18:26,omg fantastic,4
2023-08-11 00:44:52,wish it had a easier way to load with money,1
2021-01-11 03:23:19,2 out of 5dont even install,5
2023-06-26 15:08:20,soooo good,1
2023-05-21 13:45:05,omg fantastic,1
2018-12-14 03:12:25,very good,4
2019-05-21 04:21:30,omg fantastic,2
2023-10-21 06:47:10,3 out of 5 i guess,4
2017-03-25 17:32:06,"cant be that bad, but its not perfectnever again using",3
2022-12-16 20:56:30,wish it had a easier way to load with money,1
2022-06-22 10:07:53,amazing app i recommend,4
2021-06-30 23:13:12,GREAT APP,4
2023-07-26 05:19:57,"i dont hate it, but i dont love it either..",2
2021-07-05 22:56:01,mediocre,2
2017-12-11 09:00:31,recommend having good phone otherwise will be harddoes the job,1
2020-12-30 22:21:13,amazing app i recommend,3
2017-05-19 09:18:13,wow so good,2
2017-01-07 01:08:02,very good,4
2018-10-13 01:33:11,bad,1
2022-01-04 02:49:56,3 out of 5 i guess,3
2018-01-10 01:20:06,2 out of 5dont even install,1
2020-03-13 01:54:30,"terrible , so slowcant believe how bad it is",3
2017-03-27 17:03:08,"terrible , so slowcant believe how bad it is",2
2023-09-11 06:37:50,GREAT APP,4
2020-10-03 23:50:05,bad,5
2019-04-17 14:03:17,3 out of 5 i guess,2
2018-08-13 05:36:13,2 out of 5dont even install,4
2023-07-22 20:50:26,wish it had a easier way to load with money,4
2017-06-15 00:59:16,very bad,4
2023-01-09 14:09:24,uauh terrible,3
2023-12-16 04:36:21,recommend having good phone otherwise will be harddoes the job,5
2017-02-11 23:37:58,perfect to buy and sell easily,2
2020-09-13 15:39:39,perfection,4
2022-03-01 13:20:28,soooo good,4
2020-03-17 12:41:30,"terrible UI, deleted",4
2023-02-06 07:11:18,good,5
2020-06-06 12:36:34,hard to tell sometimes good sometimes badnot good not bad.. does the job,4
2021-03-05 22:47:48,uauh terrible,5
2017-08-15 06:06:06,wish it had a easier way to load with money,5
2019-03-30 02:08:44,"terrible , so slowcant believe how bad it is",5
2018-04-18 16:43:43,recommend having good phone otherwise will be harddoes the job,1
2021-11-21 19:04:37,"terrible , so slowcant believe how bad it is",4
2023-07-15 01:01:47,trash app,4
2020-10-10 00:58:51,uauh terrible,5
2017-05-27 22:59:53,"cant be that bad, but its not perfectnever again using",1
2023-06-29 23:41:25,soooo good,3
2018-05-14 13:48:31,bad app,1
2023-09-04 22:01:44,"terrible UI, deleted",1
2017-01-26 02:19:20,"terrible , so slowcant believe how bad it is",1
2023-07-07 12:19:01,"i dont hate it, but i dont love it either..",3
2020-01-09 12:23:49,bad app,4
2018-05-10 00:57:53,amazing app i recommend,2
2022-03-07 18:04:44,2 out of 5dont even install,2
2019-12-01 01:15:29,amazing app i recommend,5
2020-01-25 17:34:35,"terrible UI, deleted",4
2017-01-19 00:56:14,wow so good,5
2019-04-26 16:08:43,perfect and easy to use,2
2017-12-16 02:12:18,3 out of 5 i guess,5
2017-01-09 00:30:17,uauh terrible,1
2017-02-23 05:05:39,wish it had a easier way to load with money,2
2018-08-18 20:17:48,perfect to buy and sell easily,5
2019-03-10 06:39:45,amazing app i recommend,4
2017-08-29 15:05:59,hard to tell sometimes good sometimes badnot good not bad.. does the job,5
2017-07-27 20:41:08,mediocre,4
2023-08-03 13:11:09,mediocre,5
2020-12-15 08:27:03,very good,3
2023-01-27 05:57:18,soooo good,1
2023-01-13 13:29:20,mediocre,1
2021-05-13 13:04:00,perfect and easy to use,2
2022-09-18 17:53:32,bad app,4
2022-06-20 02:48:43,"terrible , so slowcant believe how bad it is",1
2023-02-13 17:51:49,neutral,1
2023-04-12 21:37:28,wow so good,5
2019-08-07 03:19:56,very bad,1
2019-06-25 23:34:30,omg fantastic,5
2018-11-01 01:32:30,3 out of 5 i guess,2
2021-03-16 16:26:58,soooo good,5
2017-02-21 11:30:37,2 out of 5dont even install,3
2020-10-22 01:27:04,mediocre,5
2020-08-01 19:45:13,very bad,5
2020-03-12 08:32:58,2 out of 5dont even install,3
2021-02-13 20:49:33,bad,1
2017-07-24 01:13:31,perfect to buy and sell easily,5
2020-03-03 08:14:54,"terrible , so slowcant believe how bad it is",5
2021-10-03 23:52:12,"terrible , so slowcant believe how bad it is",5
2023-08-06 11:36:35,mediocre,5
2020-07-23 16:43:14,perfect and easy to use,2
2018-02-22 20:18:45,2 out of 5dont even install,4
2019-02-15 08:51:17,"terrible , so slowcant believe how bad it is",1
2017-08-28 07:49:35,"terrible UI, deleted",3
2023-02-23 11:01:34,3 out of 5 i guess,1
2021-05-28 15:27:36,"i dont hate it, but i dont love it either..",5
2017-09-27 09:42:37,bad,5
2021-05-29 04:00:31,excellent,5
2021-09-07 02:25:41,good,4
2018-10-24 04:40:28,2 out of 5dont even install,3
2020-05-20 20:11:12,omg fantastic,4
2023-12-09 03:06:40,GREAT APP,2
2020-10-29 23:38:09,bad app,1
2019-03-10 21:37:15,amazing app i recommend,2
2020-08-04 11:54:04,omg fantastic,2
2018-12-19 19:45:39,mediocre,5
2023-02-05 03:05:05,good,5
2019-09-10 17:17:28,neutral,1
2022-12-24 18:13:30,soooo good,2
2021-09-03 12:38:54,hard to tell sometimes good sometimes badnot good not bad.. does the job,1
2019-11-13 10:35:03,uauh terrible,4
2017-01-15 23:46:03,recommend having good phone otherwise will be harddoes the job,1
2023-01-26 20:04:10,neutral,4
2022-03-13 08:14:46,trash app,1
2023-03-12 15:09:56,mediocre,1
2021-09-27 02:56:54,hard to tell sometimes good sometimes badnot good not bad.. does the job,2
2022-10-27 15:26:52,uauh terrible,5
2023-04-10 23:44:44,uauh terrible,5
2022-09-18 20:16:31,bad,1
2017-02-14 18:11:13,"cant be that bad, but its not perfectnever again using",5
2022-05-31 13:35:43,neutral,1
2017-09-02 14:59:28,trash app,3
2018-07-18 03:51:03,very good,1
2020-08-02 19:41:24,good,2
2018-05-31 09:21:30,perfect to buy and sell easily,2
2023-11-02 18:31:15,3 out of 5 i guess,3
2021-12-25 21:39:08,neutral,3
2022-05-14 02:20:05,perfection,4
2023-01-18 08:24:30,neutral,2
2022-09-18 12:18:55,omg fantastic,1
2017-09-30 02:44:12,wish it had a easier way to load with money,3
2022-11-08 05:45:56,3 out of 5 i guess,5
2022-03-28 01:36:09,wow so good,5
2019-09-13 21:34:08,wish it had a easier way to load with money,4
2018-06-04 18:07:56,"terrible UI, deleted",4
2017-12-27 21:01:50,mediocre,3
2023-04-24 11:32:45,perfect and easy to use,4
2023-07-11 10:48:16,perfect to buy and sell easily,5
2021-02-11 07:18:20,uauh terrible,1
2023-08-08 13:37:49,"i dont hate it, but i dont love it either..",5
2020-12-07 10:32:57,wow so good,2
2021-10-21 22:33:35,uauh terrible,2
2019-04-14 23:04:28,excellent,1
2018-12-31 16:19:16,perfection,1
2023-06-23 21:32:01,"terrible UI, deleted",4
2023-05-05 07:36:37,2 out of 5dont even install,4
2022-04-06 05:06:57,perfection,1
2019-01-22 08:40:31,bad,2
2018-08-04 04:00:25,3 out of 5 i guess,3
2023-12-26 06:49:18,"terrible , so slowcant believe how bad it is",4
2019-03-26 00:16:03,omg fantastic,3
2020-01-22 02:08:49,perfect to buy and sell easily,4
2023-03-13 16:03:52,GREAT APP,3
2020-04-05 14:46:02,perfection,1
2017-06-13 23:15:58,omg fantastic,2
2020-03-29 05:01:24,amazing app i recommend,5
2022-05-09 01:36:18,"terrible , so slowcant believe how bad it is",4
2017-08-03 11:10:29,omg fantastic,2
2022-04-24 17:05:32,uauh terrible,5
2019-06-14 22:28:58,hard to tell sometimes good sometimes badnot good not bad.. does the job,2
2018-11-01 09:16:47,3 out of 5 i guess,1
2020-06-22 10:21:18,perfect to buy and sell easily,3
2022-06-16 15:12:09,bad,2
2020-11-08 12:53:35,bad,4
2020-07-26 12:04:58,recommend having good phone otherwise will be harddoes the job,3
2018-11-09 20:22:17,perfect and easy to use,4
2020-05-16 07:44:27,trash app,2
2017-01-31 18:38:29,recommend having good phone otherwise will be harddoes the job,3
2018-09-22 18:20:14,very good,5
2021-01-04 18:01:23,neutral,3
2020-05-16 13:01:28,neutral,3
2022-12-10 07:03:34,"terrible UI, deleted",2
2018-12-14 16:33:42,3 out of 5 i guess,1
2023-04-25 17:30:47,excellent,1
2017-08-22 03:17:48,soooo good,1
